"id";"eng_title";"orig_title";"year";"runtime";"stars";"director";"creator";"plot";"imdb";"rating";"douban";"mtime";"trailer";"featurette";"status";"category";"poster";"subtitle";"prod";"comments"
"1525154394613";"Counterpart";"null";"2017";"1h";"J.K. Simmons, Harry Lloyd, Olivia Williams";"null";"Justin Marks";"A UN employee discovers the agency he works for is hiding a gateway to a parallel dimension.";"tt4643084";"8.2";"26474254";"224002";"https://www.youtube.com/embed/c3Bu2DOM66g?rel=0&amp;showinfo=0";"https://www.youtube.com/embed/mwqKdd7PNAA?rel=0&amp;showinfo=0";"1";"TV";"https://ia.media-imdb.com/images/M/MV5BMTcwNTM3OTQ4OV5BMl5BanBnXkFtZTgwMjgxMjEzNDM@._V1_UX182_CR0,0,182,268_AL_.jpg";"https://subscene.com/subtitles/counterpart-first-season";"";""
"1525397993798";"Wildlife Elusive Feline Tsushima Leopard Cat";"";"2011";"";"";"";"";"";"";"";"";"";"";"";"1";"Documentaries";"";"";"NHK";""
"1525412611906";"Neo Tokyo";"迷宮物語 (めいきゅうものがたり)";"1987";"";"";"Yoshiaki Kawajiri, Rintaro, Katsuhiro Ôtomo";"";"A trilogy of separate stories. In ""Labyrinth labyrinthos"", a girl and her cat enter a strange world. In ""Running Man"", a racer takes on the ultimate opponent. In ""Construction Cancellation Order"", a man must shut down worker robots.";"tt0185481";"";"";"";"https://www.youtube.com/embed/T9wLTSgfNOA?rel=0&amp;showinfo=0";"https://www.youtube.com/embed/B4Il1aktf0M?rel=0&amp;showinfo=0";"1";"Animations";"https://ia.media-imdb.com/images/M/MV5BZGE0NTIzMWEtNDMzNi00Y2EyLWIxY2QtYWQ5NDE0ZGZkOTY0L2ltYWdlL2ltYWdlXkEyXkFqcGdeQXVyMzM4MjM0Nzg@._V1_UY268_CR2,0,182,268_AL_.jpg";"";"";""
"1525412611911";"Tales from Earthsea";"ゲド戦記 (げどせんき)";"2006";"";"";"";"";"";"";"";"";"";"";"";"1";"Animations";"";"";"";""
"1525412611914";"Doraemon Nobita and the New Steel Troops Angel Wings";"新·ドラえもんのび太と鉄人兵団 (のびたとてつじんへいだん)";"2011";"";"";"";"";"";"";"";"";"";"";"";"1";"Animations";"";"";"";""
"1525412611916";"Doraemon the Movie Nobita and the Birth of Japan";"映画ドラえもん：新·のび太の日本誕生";"2016";"";"";"";"";"";"";"";"";"";"";"";"1";"Animations";"";"";"";""
"1525412611920";"The Red Turtle";"La tortue rouge ";"2016";"";"";"";"";"";"";"";"";"";"";"";"1";"Animations";"";"";"";""
"1525412611923";"Digimon Adventure Tri. 5";"デジモンアドベンチャー tri. 第5章「共生」 (だいごしょうきょうせい)";"2017";"";"";"";"";"";"";"";"";"";"";"";"1";"Animations";"";"";"";""
"1525412611926";"Genocidal Organ";"虐殺器官 (ぎゃくさつきかん)";"2017";"";"";"";"";"";"";"";"";"";"";"";"1";"Animations";"";"";"";""
"1525412611930";"B The Beginning";"";"2018";"";"";"";"";"";"";"";"";"";"";"";"1";"Animations";"";"";"";""
"1525412611935";"K Missing Kings";"劇場版 K Missing Kings (げきじょうばん)";"2014";"";"";"";"";"";"";"";"";"";"";"";"1";"Animations";"";"";"";""
"1525412611940";"In This Corner of the World";"この世界の片隅に (このせかいのかたすみ)";"2016";"";"";"";"";"";"";"";"";"";"";"";"1";"Animations";"";"";"";""
"1525412611942";"The Living Planet";"";"1984";"";"";"";"";"";"";"";"";"";"";"";"1";"Documentaries";"";"";"BBC";""
"1525412611944";"The Story of Bohemian Rhapsody";"";"2004";"1h";"";"Carl Johnston";"";"The story behind the epic Queen single.";"tt0438465";"8.7";"";"";"";"";"1";"Documentaries";"https://ia.media-imdb.com/images/M/MV5BYmY5OTRlMTItNGFjNS00MTYyLWEzYjUtNjExOGVmM2I5N2Y1XkEyXkFqcGdeQXVyNjQwMjYzNjY@._V1_UY268_CR43,0,182,268_AL_.jpg";"";"";""
"1525412611946";"Wildlife Elusive Feline Tsushima Leopard Cat";"";"2011";"";"";"";"";"";"";"";"";"";"";"";"1";"Documentaries";"";"";"NHK";""
"1525412611948";"Train Cruise Shikoku Railroad Wonderland";"";"2014";"";"";"";"";"";"";"";"";"";"";"";"1";"Documentaries";"";"";"NHK";""
"1525412611951";"Attenborough's Life That Glows";"";"2016";"";"";"";"";"";"";"";"";"";"";"";"1";"Documentaries";"";"";"BBC";""
"1525412611954";"Earth's Seasonal Secrets, Winter";"";"2016";"";"";"";"";"";"";"";"";"";"";"";"1";"Documentaries";"";"";"BBC";""
"1525412611957";"Train Cruise Visiting the Land of Japanese Myths";"";"2016";"";"";"";"";"";"";"";"";"";"";"";"1";"Documentaries";"";"";"NHK";""
"1525412611959";"Tsukiji Wonderland";"";"2016";"";"";"";"";"";"";"";"";"";"";"";"1";"Documentaries";"";"";"";""
"1525412611961";"AlphaGo";"";"2017";"";"";"";"";"";"";"";"";"";"";"";"1";"Documentaries";"";"";"";""
"1525412611963";"Six Robots and Us";"";"2017";"";"";"";"";"";"";"";"";"";"";"";"1";"Documentaries";"";"";"BBC";""
"1525412611966";"The Sky at Night in the Blink of An Eye";"";"2017";"";"";"";"";"";"";"";"";"";"";"";"1";"Documentaries";"";"";"BBC";""
"1525412611969";"The Sweet Makers at Christmas";"";"2017";"";"";"";"";"";"";"";"";"";"";"";"1";"Documentaries";"";"";"BBC";""
"1525412611974";"The Woman Who Can Smell Parkinsons";"";"2017";"";"";"";"";"";"";"";"";"";"";"";"1";"Documentaries";"";"";"BBC";""
"1525412611976";"Magic Money The Bitcoin Revolution";"";"2017";"";"";"";"";"";"";"";"";"";"";"";"1";"Documentaries";"";"";"";""
"1525412611978";"Cycle Around Japan An Autumn Ride Through Yamaguchi";"";"2017";"";"";"";"";"";"";"";"";"";"";"";"1";"Documentaries";"";"";"NHK";""
"1525412611980";"Cycle Around Japan Autumn Amidst Mother Nature in Hokkaido";"";"2017";"";"";"";"";"";"";"";"";"";"";"";"1";"Documentaries";"";"";"NHK";""
"1525412611983";"Cycle Around Japan Wakayama Journey Through A Sacred Landscape";"";"2017";"";"";"";"";"";"";"";"";"";"";"";"1";"Documentaries";"";"";"NHK";""
"1525412611985";"Legendary Giant Tree of Yakushima";"";"2017";"";"";"";"";"";"";"";"";"";"";"";"1";"Documentaries";"";"";"NHK";""
"1525412611988";"Life in Gion";"";"2017";"";"";"";"";"";"";"";"";"";"";"";"1";"Documentaries";"";"";"NHK";""
"1525412611990";"The Changing Face of Greed";"";"2017";"";"";"";"";"";"";"";"";"";"";"";"1";"Documentaries";"";"";"NHK";""
"1525412611993";"Tokyo Black Hole Year Zero in Post-WWII Japan";"";"2017";"";"";"";"";"";"";"";"";"";"";"";"1";"Documentaries";"";"";"NHK";""
"1525412611994";"Train Cruise A Volcanic Peninsula on A Single-Car Train";"";"2017";"";"";"";"";"";"";"";"";"";"";"";"1";"Documentaries";"";"";"NHK";""
"1525412611996";"Train Cruise Heartbeat of A Northern Land";"";"2017";"";"";"";"";"";"";"";"";"";"";"";"1";"Documentaries";"";"";"NHK";""
"1525412612000";"Underwater Universe of the Orda Cave";"";"2017";"";"";"";"";"";"";"";"";"";"";"";"1";"Documentaries";"";"";"NHK";""
"1525412612004";"Yufuin No Quake Will Defeat Us";"";"2017";"";"";"";"";"";"";"";"";"";"";"";"1";"Documentaries";"";"";"NHK";""
"1525412612006";"Zhangjiajies Miracle Stone Forest";"";"2017";"";"";"";"";"";"";"";"";"";"";"";"1";"Documentaries";"";"";"NHK";""
"1525412612008";"Big Cats";"";"2018";"";"";"";"";"";"";"";"";"";"";"";"1";"Documentaries";"";"";"BBC";""
"1525412612010";"Stealing Van Gogh";"";"2018";"";"";"";"";"";"";"";"";"";"";"";"1";"Documentaries";"";"";"BBC";""
"1525412612013";"The Sky at Night the Invisible Universe";"";"2018";"";"";"";"";"";"";"";"";"";"";"";"1";"Documentaries";"";"";"BBC";""
"1525412612016";"The Truth About Looking Good";"";"2018";"";"";"";"";"";"";"";"";"";"";"";"1";"Documentaries";"";"";"BBC";""
"1525412612019";"Tomorrow's World People of Science with Professor Brian Cox";"";"2018";"";"";"";"";"";"";"";"";"";"";"";"1";"Documentaries";"";"";"BBC";""
"1525412612021";"Dan Cruickshank's Adventures in Architecture";"";"2008";"";"";"";"";"";"";"";"";"";"";"";"1";"Documentaries";"";"";"BBC";""
"1525412612025";"Catching the Sun";"";"2015";"";"";"";"";"";"";"";"";"";"";"";"1";"Documentaries";"";"";"";""
"1525412612029";"Dealt";"";"2017";"1h 25min";"";"Luke Korem";"";"Sixty-two year old Richard Turner is renowned as one of the world's greatest card magicians, yet he is completely blind. This is an in-depth look at a complex character who is one of magic's greatest hidden treasures.";"tt3127902";"7.7";"";"";"";"";"1";"Documentaries";"https://images-na.ssl-images-amazon.com/images/M/MV5BYTVmNGRlYjUtMDA3Yy00NDIyLTkyMmQtNDRkOGQyNTczMmM1XkEyXkFqcGdeQXVyMzQ2ODMwMzk@._V1_UX182_CR0,0,182,268_AL_.jpg";"";"";""
"1525412612032";"Rome Unpacked Series 1";"";"2018";"";"";"";"";"";"";"";"";"";"";"";"1";"Documentaries";"";"";"BBC";""
"1525412612034";"Kedi";"";"2016";"";"";"";"";"";"";"";"";"";"";"";"1";"Documentaries";"";"";"";""
"1525412612037";"The Real T-Rex with Chris Packham";"";"2018";"";"";"";"";"";"";"";"";"";"";"";"1";"Documentaries";"";"";"BBC";""
"1525412612040";"Winterwatch";"";"2018";"";"";"";"";"";"";"";"";"";"";"";"1";"Documentaries";"";"";"BBC";""
"1525412612042";"How to Grow a Planet";"";"2012";"";"";"";"";"";"";"";"";"";"";"";"1";"Documentaries";"";"";"BBC";""
"1525412612045";"Wonders of the Moon";"";"2018";"";"";"";"";"";"";"";"";"";"";"";"1";"Documentaries";"";"";"BBC";""
"1525412612047";"Panorama Trump Voters One Year on";"";"2018";"";"";"";"";"";"";"";"";"";"";"";"1";"Documentaries";"";"";"BBC";""
"1525412612049";"Dawson City Frozen Time";"";"2016";"";"";"";"";"";"";"";"";"";"";"";"1";"Documentaries";"";"";"";""
"1525412612051";"Stacey Dooley Investigates Russias War on Women";"";"2018";"";"";"";"";"";"";"";"";"";"";"";"1";"Documentaries";"";"";"BBC";""
"1525412612053";"Timeshift The Last Days of the Liners";"";"2009";"";"";"";"";"";"";"";"";"";"";"";"1";"Documentaries";"";"";"BBC";""
"1525412612056";"Our World Russia's Ghost Towns";"";"2018";"";"";"";"";"";"";"";"";"";"";"";"1";"Documentaries";"";"";"BBC";""
"1525412612058";"NASA Triumph and Tragedy";"";"2009";"";"";"";"";"";"";"";"";"";"";"";"1";"Documentaries";"";"";"BBC";""
"1525412612060";"Our World China's Chat Girls";"";"2018";"";"";"";"";"";"";"";"";"";"";"";"1";"Documentaries";"";"";"BBC";""
"1525412612062";"Our World Ukraine's Frontline Bakery";"";"2018";"";"";"";"";"";"";"";"";"";"";"";"1";"Documentaries";"";"";"BBC";""
"1525412612065";"Turtle, Eagle, Cheetah A Slow Odyssey";"";"2017";"";"";"";"";"";"";"";"";"";"";"";"1";"Documentaries";"";"";"BBC";""
"1525412612068";"Mull Eagle Paradise";"";"2006";"";"";"";"";"";"";"";"";"";"";"";"1";"Documentaries";"";"";"BBC";""
"1525412612071";"Roads Less Travelled The Heart of Scotland";"";"2017";"";"";"";"";"";"";"";"";"";"";"";"1";"Documentaries";"";"";"BBC";""
"1525412612073";"Shearwater Island";"";"2007";"";"";"";"";"";"";"";"";"";"";"";"1";"Documentaries";"";"";"BBC";""
"1525412612075";"The Alternativity";"";"2017";"";"";"";"";"";"";"";"";"";"";"";"1";"Documentaries";"";"";"BBC";""
"1525412612077";"The Language of Life";"";"2017";"";"";"";"";"";"";"";"";"";"";"";"1";"Documentaries";"";"";"BBC";""
"1525412612080";"Attenborough and the Sea Dragon";"";"2018";"";"";"";"";"";"";"";"";"";"";"";"1";"Documentaries";"";"";"BBC";""
"1525412612082";"Hits, Hype & Hustle An Insider's Guide to the Music Business";"";"2018";"";"";"";"";"";"";"";"";"";"";"";"1";"Documentaries";"";"";"BBC";""
"1525412612084";"The Truth About..., Looking Good";"";"2018";"";"";"";"";"";"";"";"";"";"";"";"1";"Documentaries";"";"";"BBC";""
"1525412612087";"Sacred Music at Christmas, A Christmas History";"";"2017";"";"";"";"";"";"";"";"";"";"";"";"1";"Documentaries";"";"";"BBC";""
"1525412612090";"Timeshift Flights of Fancy";"";"2017";"";"";"";"";"";"";"";"";"";"";"";"1";"Documentaries";"";"";"BBC";""
"1525412612094";"Natural World Attenborough and the Empire of the Ants";"";"2017";"";"";"";"";"";"";"";"";"";"";"";"1";"Documentaries";"";"";"BBC";""
"1525412612096";"A Plastic Ocean";"";"2016";"";"David Attenborough, Sylvia Earle, Craig Leeson";"Craig Leeson";"";"A Plastic Ocean begins when journalist Craig Leeson, searching for the elusive blue whale, discovers plastic waste in what should be pristine ocean. In this adventure documentary, Craig teams up with free diver Tanya Streeter and an international team of scientists and researchers, and they travel to twenty locations around the world over the next four years to explore the fragile state of our oceans, uncover alarming truths about plastic pollution, and reveal working solutions that can be put into immediate effect.";"tt5203824";"";"26940487";"253785";"https://www.youtube.com/embed/6zrn4-FfbXw?rel=0&amp;showinfo=0";"https://www.youtube.com/embed/lsJqMmuFWO4?rel=0&amp;showinfo=0";"1";"Documentaries";"https://ia.media-imdb.com/images/M/MV5BMTk5MTU0MTA2OF5BMl5BanBnXkFtZTgwMzQ3MjQ5MDI@._V1_UX182_CR0,0,182,268_AL_.jpg";"";"";""
"1525412612099";"A Trip to the Moon";"Le voyage dans la lune";"1902";"13min";"";"Georges Méliès";"";"A group of astronomers go on an expedition to the Moon.";"tt0000417";"8.2";"";"";"";"";"5";"Movies";"https://ia.media-imdb.com/images/M/MV5BMzcyYzhlMzctYjg1NS00ODJlLTkxOTUtYmQ4YjgxMWY5MGFlXkEyXkFqcGdeQXVyNDE5MTU2MDE@._V1_UY268_CR1,0,182,268_AL_.jpg";"";"";""
"1525412612101";"The Invisible Man";"";"1933";"1h 11min";"";"James Whale";"";"A scientist finds a way of becoming invisible, but in doing so, he becomes murderously insane.";"tt0024184";"7.7";"";"";"";"";"1";"Movies";"https://ia.media-imdb.com/images/M/MV5BYjllMmE0Y2YtYWIwZi00OWY1LWJhNWItYzM2MmNiYmFiZmRmXkEyXkFqcGdeQXVyNjc1NTYyMjg@._V1_UX182_CR0,0,182,268_AL_.jpg";"";"";""
"1525412612103";"The Third Man";"";"1949";"1h 44min";"";"Carol Reed";"";"Pulp novelist Holly Martins travels to shadowy, postwar Vienna, only to find himself investigating the mysterious death of an old friend, Harry Lime.";"tt0041959";"8.2";"";"";"";"";"1";"Movies";"https://images-na.ssl-images-amazon.com/images/M/MV5BYjE2OTdhMWUtOGJlMy00ZDViLWIzZjgtYjZkZGZmMDZjYmEyXkEyXkFqcGdeQXVyNzkwMjQ5NzM@._V1_UX182_CR0,0,182,268_AL_.jpg";"";"";""
"1525412612106";"All About Eve";"";"1950";"2h 18min";"";"Joseph L. Mankiewicz";"";"An ingenue insinuates herself into the company of an established but aging stage actress and her circle of theater friends.";"tt0042192";"8.3";"";"";"";"";"1";"Movies";"https://images-na.ssl-images-amazon.com/images/M/MV5BMTY2MTAzODI5NV5BMl5BanBnXkFtZTgwMjM4NzQ0MjE@._V1_UX182_CR0,0,182,268_AL_.jpg";"";"";""
"1525412612108";"Sunset Boulevard";"Sunset Blvd.";"1950";"1h 50min";"";"Billy Wilder";"";"A screenwriter is hired to rework a faded silent film star's script, only to find himself developing a dangerous relationship.";"tt0043014";"8.5";"";"";"";"";"1";"Movies";"https://ia.media-imdb.com/images/M/MV5BMTU0NTkyNzYwMF5BMl5BanBnXkFtZTgwMDU0NDk5MTI@._V1_UX182_CR0,0,182,268_AL_.jpg";"";"";""
"1525412612111";"A Streetcar Named Desire";"";"1951";"2h 2min";"";"Elia Kazan";"";"Disturbed Blanche DuBois moves in with her sister in New Orleans and is tormented by her brutish brother-in-law while her reality crumbles around her.";"tt0044081";"8.0";"";"";"";"";"1";"Movies";"https://images-na.ssl-images-amazon.com/images/M/MV5BNzk2M2Y3MzYtNGMzMi00Y2FjLTkwODQtNmExYWU3ZWY3NzExXkEyXkFqcGdeQXVyNTA4NzY1MzY@._V1_UX182_CR0,0,182,268_AL_.jpg";"";"";""
"1525412612113";"The African Queen";"";"1951";"1h 45min";"";"John Huston";"";"In Africa during World War I, a gin-swilling riverboat captain is persuaded by a strait-laced missionary to use his boat to attack an enemy warship.";"tt0043265";"7.9";"";"";"";"";"1";"Movies";"https://images-na.ssl-images-amazon.com/images/M/MV5BOTg0NjY1NTEyMF5BMl5BanBnXkFtZTgwNjUwMTY3MjE@._V1_UX182_CR0,0,182,268_AL_.jpg";"";"";""
"1525412612116";"Singin' in the Rain";"";"1952";"1h 43min";"";"Stanley Donen, Gene Kelly";"";"A silent film production company and cast make a difficult transition to sound.";"tt0045152";"8.3";"";"";"";"";"1";"Movies";"https://images-na.ssl-images-amazon.com/images/M/MV5BZDRjNGViMjQtOThlMi00MTA3LThkYzQtNzJkYjBkMGE0YzE1XkEyXkFqcGdeQXVyNDYyMDk5MTU@._V1_UY268_CR0,0,182,268_AL_.jpg";"";"";""
"1525412612119";"On the Waterfront";"";"1954";"1h 48min";"";"Elia Kazan";"";"An ex-prize fighter turned longshoreman struggles to stand up to his corrupt union bosses.";"tt0047296";"8.2";"";"";"";"";"1";"Movies";"https://images-na.ssl-images-amazon.com/images/M/MV5BY2I0MWFiZDMtNWQyYy00Njk5LTk3MDktZjZjNTNmZmVkYjkxXkEyXkFqcGdeQXVyNjc1NTYyMjg@._V1_UX182_CR0,0,182,268_AL_.jpg";"";"";""
"1525412612121";"Witness for the Prosecution";"";"1957";"1h 51min";"";"Billy Wilder";"";"A veteran British barrister must defend his client in a murder trial that has surprise after surprise.";"tt0051201";"8.4";"";"";"";"";"1";"Movies";"https://images-na.ssl-images-amazon.com/images/M/MV5BMTc0MjgyNTUyNF5BMl5BanBnXkFtZTcwNDQzMDg0Nw@@._V1_UX182_CR0,0,182,268_AL_.jpg";"";"";""
"1525412612123";"The Big Country";"";"1958";"2h 46min";"";"William Wyler";"";"A New Englander arrives in the Old West, where he becomes embroiled in a feud between two families over a valuable patch of land.";"tt0051411";"7.9";"";"";"";"";"1";"Movies";"https://images-na.ssl-images-amazon.com/images/M/MV5BNDAwMTViNWEtNmQ0ZC00NGJmLWJjYWMtMGYxMTYxY2Y0Y2MzXkEyXkFqcGdeQXVyMTMxMTY0OTQ@._V1_UX182_CR0,0,182,268_AL_.jpg";"";"";""
"1525412612125";"Touch of Evil";"";"1958";"1h 35min";"";"Orson Welles";"";"A stark, perverse story of murder, kidnapping, and police corruption in a Mexican border town.";"tt0052311";"8.1";"";"";"";"";"1";"Movies";"https://images-na.ssl-images-amazon.com/images/M/MV5BOTA1MjA3M2EtMmJjZS00OWViLTkwMTEtM2E5ZDk0NTAyNGJiXkEyXkFqcGdeQXVyNzkwMjQ5NzM@._V1_UX182_CR0,0,182,268_AL_.jpg";"";"";""
"1525412612128";"Rio Bravo";"";"1959";"2h 21min";"";"Howard Hawks";"";"A small-town sheriff in the American West enlists the help of a cripple, a drunk, and a young gunfighter in his efforts to hold in jail the brother of the local bad guy.";"tt0053221";"8.0";"";"";"";"";"1";"Movies";"https://images-na.ssl-images-amazon.com/images/M/MV5BZDVhMTk1NjUtYjc0OS00OTE1LTk1NTYtYWMzMDI5OTlmYzU2XkEyXkFqcGdeQXVyNjc1NTYyMjg@._V1_UX182_CR0,0,182,268_AL_.jpg";"";"";""
"1525412612130";"Some Like It Hot";"";"1959";"2h 1min";"";"Billy Wilder";"";"When two male musicians witness a mob hit, they flee the state in an all-female band disguised as women, but further complications set in.";"tt0053291";"8.3";"";"";"";"";"1";"Movies";"https://images-na.ssl-images-amazon.com/images/M/MV5BNzAyOGIxYjAtMGY2NC00ZTgyLWIwMWEtYzY0OWQ4NDFjOTc5XkEyXkFqcGdeQXVyNjU0OTQ0OTY@._V1_UX182_CR0,0,182,268_AL_.jpg";"";"";""
"1525412612132";"The 3 Worlds of Gulliver";"";"1960";"1h 39min";"";"Jack Sher";"";"After being shipwrecked, a man finds himself on an island inhabited by tiny people, who soon make plans for him.";"tt0053882";"6.5";"";"";"";"";"1";"Movies";"https://images-na.ssl-images-amazon.com/images/M/MV5BYjE2NDE2M2QtNzE1My00YTViLWJhOTItMzhlZTNlYTZiNDdiXkEyXkFqcGdeQXVyNTAyODkwOQ@@._V1_UX182_CR0,0,182,268_AL_.jpg";"";"";""
"1525412612135";"The Apartment";"";"1960";"2h 5min";"";"Billy Wilder";"";"A man tries to rise in his company by letting its executives use his apartment for trysts, but complications and a romance of his own ensue.";"tt0053604";"8.3";"";"";"";"";"1";"Movies";"https://images-na.ssl-images-amazon.com/images/M/MV5BN2YxYmUyZGItZWEzYy00NTA3LThhM2UtZThhNDM5NWYxZGQ1L2ltYWdlL2ltYWdlXkEyXkFqcGdeQXVyNjU0OTQ0OTY@._V1_UX182_CR0,0,182,268_AL_.jpg";"";"";""
"1525412612138";"Mysterious Island";"";"1961";"1h 41min";"";"Cy Endfield";"";"During the Civil War a group of Union soldiers and two Confederates escape the stockade using a hot air balloon and end up on a strange Pacific island.";"tt0055207";"6.8";"";"";"";"";"1";"Movies";"https://images-na.ssl-images-amazon.com/images/M/MV5BODk3NTA5MDQtMjZkNS00NTM5LTkzMjItZDJhNWEyMWVkZDQ0XkEyXkFqcGdeQXVyNjc1NTYyMjg@._V1_UX182_CR0,0,182,268_AL_.jpg";"";"";""
"1525412612141";"Through A Glass Darkly";"Såsom i en spegel";"1961";"1h 29min";"";"Ingmar Bergman";"";"Recently released from a mental hospital; Karin rejoins her emotionally disconnected family and their island home, only to slip from reality as she begins to believe she is being visited by God.";"tt0055499";"8.1";"";"";"";"";"1";"Movies";"https://images-na.ssl-images-amazon.com/images/M/MV5BNTM0MjcxN2MtNWVkMS00YmM5LTgzZTktNWY5NThjNTFjM2Y5XkEyXkFqcGdeQXVyNzQxNDExNTU@._V1_UY268_CR1,0,182,268_AL_.jpg";"";"";""
"1525412612143";"Birdman of Alcatraz";"";"1962";"2h 27min";"";"John Frankenheimer, Charles Crichton";"";"A surly convicted murderer held in permanent isolation redeems himself when he becomes a renowned bird expert.";"tt0055798";"7.8";"";"";"";"";"1";"Movies";"https://images-na.ssl-images-amazon.com/images/M/MV5BMTc4NDc3MjIyMV5BMl5BanBnXkFtZTcwMTEyNDcyNA@@._V1_UX182_CR0,0,182,268_AL_.jpg";"";"";""
"1525412612146";"Cleo From 5 To 7";"Cléo de 5 à 7";"1962";"1h 30min";"";"Agnès Varda";"";"Cleo, a singer and hypochondriac, becomes increasingly worried that she might have cancer while awaiting test results from her doctor.";"tt0055852";"8.0";"";"";"";"";"1";"Movies";"https://images-na.ssl-images-amazon.com/images/M/MV5BZjJhNGIyZWMtOTE0NS00M2RmLWIwOTEtYzdmYWM3ZTE5NjM0L2ltYWdlL2ltYWdlXkEyXkFqcGdeQXVyNzA4ODc3ODU@._V1_UX182_CR0,0,182,268_AL_.jpg";"";"";""
"1525412612148";"And Woman... Was Created";"And God Created Woman";"1956";"1h 35min";"";"Roger Vadim";"";"In sunny St. Tropez, a young sexpot loves one brother but marries the other.";"tt0049189";"6.3";"";"";"";"";"1";"Movies";"https://images-na.ssl-images-amazon.com/images/M/MV5BMTkyMDA4Mjc0Nl5BMl5BanBnXkFtZTgwMzgwODgxNDE@._V1_UY268_CR8,0,182,268_AL_.jpg";"";"";""
"1525412612151";"The Miracle Worker";"";"1962";"1h 46min";"";"Arthur Penn";"";"The story of Anne Sullivan's struggle to teach the blind and deaf Helen Keller how to communicate.";"tt0056241";"8.1";"";"";"";"";"1";"Movies";"https://images-na.ssl-images-amazon.com/images/M/MV5BMTQzODc4MTE1MF5BMl5BanBnXkFtZTcwMjYyODI1NA@@._V1_UX182_CR0,0,182,268_AL_.jpg";"";"";""
"1525412612153";"Jason and The Argonauts";"";"1963";"1h 44min";"";"Don Chaffey";"";"The legendary Greek hero leads a team of intrepid adventurers in a perilous quest for the legendary Golden Fleece.";"tt0057197";"7.4";"";"";"";"";"1";"Movies";"https://images-na.ssl-images-amazon.com/images/M/MV5BN2NiMWEwZmYtNGIzNi00NjllLTg0ZTUtODQ0MDgwMGZkZWE2XkEyXkFqcGdeQXVyNTAyODkwOQ@@._V1_UX182_CR0,0,182,268_AL_.jpg";"";"";""
"1525412612155";"Band of Outsiders";"";"1964";"1h 35min";"";"Jean-Luc Godard";"";"Two crooks with a fondness for old Hollywood B-movies convince a languages student to help them commit a robbery.";"tt0057869";"7.8";"";"";"";"";"1";"Movies";"https://images-na.ssl-images-amazon.com/images/M/MV5BMjIyOTA0Njk3Ml5BMl5BanBnXkFtZTgwMzY0NTA2ODE@._V1_UY268_CR4,0,182,268_AL_.jpg";"";"";""
"1525412612158";"Becket";"";"1964";"2h 28min";"";"Peter Glenville";"";"King Henry II of England comes to terms with his affection for his close friend and confidant Thomas à Becket, who finds his true honor by observing God's divine will rather than the king's.";"tt0057877";"8.0";"";"";"";"";"1";"Movies";"https://images-na.ssl-images-amazon.com/images/M/MV5BMzQwODUzOTM2N15BMl5BanBnXkFtZTgwNzU4ODYxMTE@._V1_UY268_CR10,0,182,268_AL_.jpg";"";"";""
"1525412612160";"First Men in the Moon";"";"1964";"1h 43min";"";"Nathan Juran";"";"When a spaceship lands on the moon, it is hailed as a new accomplishment, before it becomes clear that a Victorian party completed the journey in 1899, leading investigators to that mission's last survivor.";"tt0058100";"6.7";"";"";"";"";"1";"Movies";"https://images-na.ssl-images-amazon.com/images/M/MV5BZDU5ZDZiZjAtNmVhYS00ZjViLTgwMGItYzMwYzA5Yjg3MWU0XkEyXkFqcGdeQXVyNTAyODkwOQ@@._V1_UX182_CR0,0,182,268_AL_.jpg";"";"";""
"1525412612162";"Kwaidan";"怪談, かいだん";"1964";"3h 3min";"";"Masaki Kobayashi";"";"A collection of four Japanese folk tales with supernatural themes.";"tt0058279";"8.0";"";"";"";"";"1";"Movies";"https://images-na.ssl-images-amazon.com/images/M/MV5BZmM1ZmRkMjItZjc3Ny00ZWQzLWFhYmUtMWE0Y2QwOWY0MTMxXkEyXkFqcGdeQXVyMTIyNzY1NzM@._V1_UY268_CR3,0,182,268_AL_.jpg";"";"";""
"1525412612164";"Onibaba";"鬼婆, おにばば";"1964";"1h 43min";"";"Kaneto Shindô";"";"Two women kill samurai and sell their belongings for a living. While one of them is having an affair with their neighbor, the other woman meets a mysterious samurai wearing a bizarre mask.";"tt0058430";"8.0";"";"";"";"";"1";"Movies";"https://images-na.ssl-images-amazon.com/images/M/MV5BMWRiYmNmNTEtM2FlNC00ODRlLWFiMmQtYmNlNzgxY2MzMzNkL2ltYWdlXkEyXkFqcGdeQXVyNjc1NTYyMjg@._V1_UY268_CR2,0,182,268_AL_.jpg";"";"";""
"1525412612167";"The Collector";"";"1965";"1h 59min";"";"William Wyler";"";"A man kidnaps a woman and holds her hostage just for the pleasure of having her there.";"tt0059043";"7.6";"";"";"";"";"1";"Movies";"https://images-na.ssl-images-amazon.com/images/M/MV5BMTFjY2NmNDMtZWJmNS00MTE0LTlhYmEtYTdjMWFjMDBiZjMzXkEyXkFqcGdeQXVyNjc1NTYyMjg@._V1_UX182_CR0,0,182,268_AL_.jpg";"";"";""
"1525412612172";"The Face of Another";"他人の顔 (たにんのかお)";"1966";"2h 2min";"";"Hiroshi Teshigahara";"";"A businessman with a disfigured face obtains a lifelike mask from his doctor, but the mask starts altering his personality.";"tt0061065";"8.0";"";"";"";"";"1";"Movies";"https://images-na.ssl-images-amazon.com/images/M/MV5BYjNmMWM4MjMtNGQ1YS00MWRjLTg4ZDktZjRlYjM5N2IwMTU5XkEyXkFqcGdeQXVyNTc1OTc3ODE@._V1_UY268_CR4,0,182,268_AL_.jpg";"";"";""
"1525412612175";"Cool Hand Luke";"";"1967";"2h 6min";"";"Stuart Rosenberg";"";"A laid back Southern man is sentenced to two years in a rural prison, but refuses to conform.";"tt0061512";"8.2";"";"";"";"";"1";"Movies";"https://images-na.ssl-images-amazon.com/images/M/MV5BOWFlNzZhYmYtYTI5YS00MDQyLWIyNTUtNTRjMWUwNTEzNjA0XkEyXkFqcGdeQXVyNjUwNzk3NDc@._V1_UX182_CR0,0,182,268_AL_.jpg";"";"";""
"1525412612178";"Je t'aime, je t'aime";"";"1968";"1h 34min";"";"Alain Resnais";"";"Recovering from an attempted suicide, a man is selected to participate in a time travel experiment that has only been tested on mice. A malfunction in the experiment causes the man to ... See full summary »";"tt0063152";"7.3";"";"";"";"";"1";"Movies";"https://images-na.ssl-images-amazon.com/images/M/MV5BMTY2ODkzNjE3MF5BMl5BanBnXkFtZTgwMDA1NDEyMTE@._V1_UX182_CR0,0,182,268_AL_.jpg";"";"";""
"1525412612180";"The Valley of Gwangi";"";"1969";"1h 36min";"";"Jim O'Connolly";"";"Cowboy James Franciscus seeks fame and fortune by capturing a Tyrannosaurus Rex living in the Forbidden Valley and putting it in a Mexican circus. His victim, called the Gwangi, turns out ... See full summary »";"tt0065163";"6.3";"";"";"";"";"1";"Movies";"https://images-na.ssl-images-amazon.com/images/M/MV5BYWNlNjk0MTAtMjExYi00Yjc4LWEyNzEtZjlkYjllNjNkMzliXkEyXkFqcGdeQXVyMTQxNzMzNDI@._V1_UX182_CR0,0,182,268_AL_.jpg";"";"";""
"1525412612182";"Z";"";"1969";"2h 7min";"";"Costa-Gavras";"";"Following the murder of a prominent leftist, an investigator tries to uncover the truth while government officials attempt to cover up their roles.";"tt0065234";"8.2";"";"";"";"";"1";"Movies";"https://images-na.ssl-images-amazon.com/images/M/MV5BM2JjM2MwMDAtNGRhMi00MDZiLWIwMzYtYTZmMTc0MDU1ZWU5XkEyXkFqcGdeQXVyNjc1NTYyMjg@._V1_UY268_CR6,0,182,268_AL_.jpg";"";"";""
"1525412612184";"10 Rillington Place";"";"1971";"1h 51min";"";"Richard Fleischer";"";"Based on the real-life case of the British serial killer John Christie, and what happened to his neighbors Tim and Beryl Evans.";"tt0066730";"7.6";"";"";"";"";"1";"Movies";"https://images-na.ssl-images-amazon.com/images/M/MV5BYzc4NDVlYWEtNjAzOC00NWNkLTkxMDQtOWVkOGExNDAyMDFhXkEyXkFqcGdeQXVyMTAwMzUyOTc@._V1_UX182_CR0,0,182,268_AL_.jpg";"";"";""
"1525412612186";"Summer of '42";"";"1971";"1h 44min";"";"Robert Mulligan";"";"During his summer vacation on Nantucket Island in 1942, a youth eagerly awaiting his first sexual encounter finds himself developing an innocent love for a young woman awaiting news on her soldier husband's fate in WWII.";"tt0067803";"7.3";"";"";"";"";"1";"Movies";"https://images-na.ssl-images-amazon.com/images/M/MV5BYmI2YjRiMGMtMzY5YS00ZTA2LTg1Y2EtOGQ4YmM1MjU1NWQ4XkEyXkFqcGdeQXVyMTA0MjU0Ng@@._V1_UX182_CR0,0,182,268_AL_.jpg";"";"";""
"1525412612188";"Solaris ";"Solyaris";"1972";"2h 47min";"";"Andrei Tarkovsky";"";"A psychologist is sent to a station orbiting a distant planet in order to discover what has caused the crew to go insane.";"tt0069293";"8.1";"";"";"";"";"1";"Movies";"https://images-na.ssl-images-amazon.com/images/M/MV5BZmY4Yjc0OWQtZDRhMy00ODc2LWI2NGYtMWFlODYyN2VlNDQyXkEyXkFqcGdeQXVyNjU0OTQ0OTY@._V1_UY268_CR4,0,182,268_AL_.jpg";"";"";""
"1525412612190";"The Golden Voyage of Sinbad";"";"1973";"1h 45min";"";"Gordon Hessler";"";"Sinbad and his crew intercept a homunculus carrying a golden tablet. Koura, the creator of the homunculus and practitioner of evil magic, wants the tablet back and pursues Sinbad. Meanwhile... See full summary »";"tt0071569";"6.8";"";"";"";"";"1";"Movies";"https://images-na.ssl-images-amazon.com/images/M/MV5BNTUyZDFhZTItODZjOC00NGU5LWFkNmEtOGZhNDc1MGRiMDIyL2ltYWdlL2ltYWdlXkEyXkFqcGdeQXVyNjc1NTYyMjg@._V1_UX182_CR0,0,182,268_AL_.jpg";"";"";""
"1525412612193";"Sinbad and the Eye of the Tiger";"";"1977";"1h 53min";"";"Sam Wanamaker";"";"Sinbad The Sailor sails to deliver a cursed prince to a dangerous island in the face of deadly opposition from a powerful witch.";"tt0076716";"6.4";"";"";"";"";"1";"Movies";"https://images-na.ssl-images-amazon.com/images/M/MV5BOTI2MzU4NjM4NV5BMl5BanBnXkFtZTgwNTkwNzYzNTE@._V1_UX182_CR0,0,182,268_AL_.jpg";"";"";""
"1525412612195";"Stalker";"";"1979";"2h 42min";"";"Andrei Tarkovsky";"";"A guide leads two men through an area known as the Zone to find a room that grants wishes.";"tt0079944";"8.1";"";"";"";"";"1";"Movies";"https://images-na.ssl-images-amazon.com/images/M/MV5BOGM4NjBhMmEtZmI1NS00ODIwLWFjNzAtYjIzYzQ5MDJjMTFjXkEyXkFqcGdeQXVyNjg3MTIwODI@._V1_UY268_CR4,0,182,268_AL_.jpg";"";"";""
"1525412612197";"Dune";"";"1983";"2h 17min";"";"David Lynch";"";"A Duke's son leads desert warriors against the galactic emperor and his father's evil nemesis when they assassinate his father and free their desert world from the emperor's rule.";"tt0087182";"6.6";"";"";"";"";"1";"Movies";"https://images-na.ssl-images-amazon.com/images/M/MV5BYTAzYzNlMDMtMGRjYS00M2UxLTk0MmEtYmE4YWZiYmEwOTIwL2ltYWdlL2ltYWdlXkEyXkFqcGdeQXVyNzc5MjA3OA@@._V1_UX182_CR0,0,182,268_AL_.jpg";"";"";""
"1525412612199";"1984";"Nineteen Eighty-Four";"1984";"1h 53min";"";"Michael Radford";"";"In a totalitarian future society, a man, whose daily work is re-writing history, tries to rebel by falling in love.";"tt0087803";"7.2";"";"";"";"";"1";"Movies";"https://images-na.ssl-images-amazon.com/images/M/MV5BMWFkNzIzNDUtNWI1Mi00ODA2LTgyMTMtYTZiYWMxMDFlNmNhL2ltYWdlXkEyXkFqcGdeQXVyNTAyODkwOQ@@._V1_UX182_CR0,0,182,268_AL_.jpg";"";"";""
"1525412612202";"A Room with a View";"";"1985";"1h 57min";"";"James Ivory";"";"When Lucy Honeychurch and chaperone Charlotte Bartlett find themselves in Florence with rooms without views, fellow guests Mr Emerson and son George step in to remedy the situation. Meeting... See full summary »";"tt0091867";"7.4";"";"";"";"";"1";"Movies";"https://images-na.ssl-images-amazon.com/images/M/MV5BYTEyYmE0M2MtZDQ1OC00MGUxLWI4OGMtM2M1ZjIyNDI0Y2Q4XkEyXkFqcGdeQXVyNjQ2MjQ5NzM@._V1_UX182_CR0,0,182,268_AL_.jpg";"";"";""
"1525412612205";"Manhunter";"";"1986";"2h";"";"Michael Mann";"";"Former FBI profiler Will Graham returns to service to pursue a deranged serial murderer named ""the Tooth Fairy"" by the media.";"tt0091474";"7.2";"";"";"";"";"1";"Movies";"https://images-na.ssl-images-amazon.com/images/M/MV5BYjY3NWRlMjItMmUwOC00ZTNhLTk4ODktMDM0NjhhODI4ZDlkL2ltYWdlXkEyXkFqcGdeQXVyNTAyODkwOQ@@._V1_UX182_CR0,0,182,268_AL_.jpg";"";"";""
"1525412612208";"Pretty in Pink";"";"1986";"1h 36min";"";"Howard Deutch";"";"A poor girl must choose between the affections of her doting childhood sweetheart and a rich but sensitive playboy.";"tt0091790";"6.8";"";"";"";"";"1";"Movies";"https://images-na.ssl-images-amazon.com/images/M/MV5BOGE3ZmVjMzMtMDcxNi00YjM5LTg3NjMtZWMxYjlhNTk2MmZjXkEyXkFqcGdeQXVyMTQxNzMzNDI@._V1_UX182_CR0,0,182,268_AL_.jpg";"";"";""
"1525412612210";"Hope and Glory";"";"1987";"1h 53min";"";"John Boorman";"";"A semi-autobiographical project by John Boorman about a nine year old boy called Bill as he grows up in London during the blitz of World War 2. For a young boy, this time in history was ... See full summary »";"tt0093209";"7.4";"";"";"";"";"1";"Movies";"https://images-na.ssl-images-amazon.com/images/M/MV5BMDUxNjg4MGQtODM2NC00YWZmLWJkZTEtMmFmMTBlZmYyMWVhXkEyXkFqcGdeQXVyMTA0MjU0Ng@@._V1_UX182_CR0,0,182,268_AL_.jpg";"";"";""
"1525412612212";"Miracle Mile";"";"1988";"1h 27min";"";"Steve De Jarnatt";"";"A young man hears a chance phone call telling him that a nuclear war has started and missiles will hit his city in 70 minutes.";"tt0097889";"7.0";"";"";"";"";"1";"Movies";"https://images-na.ssl-images-amazon.com/images/M/MV5BMTQ4NDI0OTkyOV5BMl5BanBnXkFtZTcwNzIyODI1NA@@._V1_UX182_CR0,0,182,268_AL_.jpg";"";"";""
"1525412612215";"State of Grace";"";"1990";"2h 14min";"";"Phil Joanou, Michael Lee Baron";"";"A New York cop is recruited to return to his hometown and infiltrate the mob ran by his best friend's brother.";"tt0100685";"7.3";"";"";"";"";"1";"Movies";"https://images-na.ssl-images-amazon.com/images/M/MV5BMjEyNTY4ODAyMV5BMl5BanBnXkFtZTcwODQxNDI3NA@@._V1_UX182_CR0,0,182,268_AL_.jpg";"";"";""
"1525412612217";"A River Runs Through It";"";"1992";"2h 3min";"";"Robert Redford";"";"The story about two sons of a stern minister -- one reserved, one rebellious -- growing up in rural Montana while devoted to fly fishing.";"tt0105265";"7.3";"";"";"";"";"1";"Movies";"https://images-na.ssl-images-amazon.com/images/M/MV5BNzE4YWZkOWMtOWZlNS00NzU4LTk5MDQtZjZkNDllMjM1NGI1XkEyXkFqcGdeQXVyMTQxNzMzNDI@._V1_UX182_CR0,0,182,268_AL_.jpg";"";"";""
"1525412612220";"Sneakers";"";"1992";"2h 6min";"";"Phil Alden Robinson";"";"A security pro finds his past coming back to haunt him, when he and his unique team are tasked with retrieving a particularly important item.";"tt0105435";"7.1";"";"";"";"";"1";"Movies";"https://images-na.ssl-images-amazon.com/images/M/MV5BYWM2OWI0OTAtYTVlOC00YTA0LTllMTItNWM5OTIwZDJlYWFmXkEyXkFqcGdeQXVyNDk3NzU2MTQ@._V1_UX182_CR0,0,182,268_AL_.jpg";"";"";""
"1525412612223";"The Last of the Mohicans";"";"1992";"1h 52min";"";"Michael Mann";"";"Three trappers protect a British Colonel's daughters in the midst of the French and Indian War.";"tt0104691";"7.8";"";"";"";"";"1";"Movies";"https://images-na.ssl-images-amazon.com/images/M/MV5BZDNiYmRkNDYtOWU1NC00NmMxLWFkNmUtMGI5NTJjOTJmYTM5XkEyXkFqcGdeQXVyNzQ1ODk3MTQ@._V1_UX182_CR0,0,182,268_AL_.jpg";"";"";""
"1525412612226";"Dead Man";"";"1995";"1h 55min";"";"Jim Jarmusch";"";"On the run after murdering a man, accountant William Blake encounters a strange North American man named Nobody who prepares him for his journey into the spiritual world.";"tt0112817";"7.7";"";"";"";"";"1";"Movies";"https://images-na.ssl-images-amazon.com/images/M/MV5BYTJlZmQ1OTAtODQzZi00NGIzLWI1MmEtZGE4NjFlOWRhODIyXkEyXkFqcGdeQXVyNTc1NTQxODI@._V1_UY268_CR2,0,182,268_AL_.jpg";"";"";""
"1525412612229";"Tank Girl";"";"1995";"1h 44min";"";"Rachel Talalay";"";"A girl is among the few survivors of a dystopian Earth. Riding a war tank, she fights against the tyranny of a mega-corporation that dominates the remaining potable water supply of the planet.";"tt0114614";"5.3";"";"";"";"";"1";"Movies";"https://images-na.ssl-images-amazon.com/images/M/MV5BMjE3ODMxNzU3NV5BMl5BanBnXkFtZTcwOTQzMTM3NA@@._V1_UX182_CR0,0,182,268_AL_.jpg";"";"";""
"1525412612231";"The Net";"";"1995";"1h 54min";"";"Irwin Winkler";"";"A computer programmer stumbles upon a conspiracy, putting her life and the lives of those around her in great danger.";"tt0113957";"5.9";"";"";"";"";"1";"Movies";"https://images-na.ssl-images-amazon.com/images/M/MV5BYWU1YjQ3NTUtZjZkZi00ZDc5LTgyZTgtNzkxMTIzNzUwZGY0XkEyXkFqcGdeQXVyNDk3NzU2MTQ@._V1_UX182_CR0,0,182,268_AL_.jpg";"";"";""
"1525412612235";"Jackie Brown";"";"1997";"2h 34min";"";"Quentin Tarantino";"";"A middle-aged woman finds herself in the middle of a huge conflict that will either make her a profit or cost her life.";"tt0119396";"7.5";"";"";"";"";"1";"Movies";"https://images-na.ssl-images-amazon.com/images/M/MV5BNmY5ODRmYTItNWU0Ni00MWE3LTgyYzUtYjZlN2Q5YTcyM2NmXkEyXkFqcGdeQXVyNjU0OTQ0OTY@._V1_UY268_CR0,0,182,268_AL_.jpg";"";"";""
"1525412612237";"Meet Joe Black";"";"1998";"2h 58min";"";"Martin Brest";"";"Death, who takes the form of a young man, asks a media mogul to act as a guide to teach him about life on Earth, and in the process, he falls in love with his guide's daughter.";"tt0119643";"7.2";"";"";"";"";"1";"Movies";"https://images-na.ssl-images-amazon.com/images/M/MV5BNTc0MzRmMTgtMTk4OS00MzdkLWJjNWMtZWJmZjlkYTI0YWRiL2ltYWdlL2ltYWdlXkEyXkFqcGdeQXVyMTQxNzMzNDI@._V1_UX182_CR0,0,182,268_AL_.jpg";"";"";""
"1525412612239";"Pi";"";"1998";"1h 24min";"";"Darren Aronofsky";"";"A paranoid mathematician searches for a key number that will unlock the universal patterns found in nature.";"tt0138704";"7.4";"";"";"";"";"1";"Movies";"https://images-na.ssl-images-amazon.com/images/M/MV5BMjYzNTA4YzItYTQ2Yy00NDQwLWI2OGItN2JmMjZhZTVhMzI5L2ltYWdlXkEyXkFqcGdeQXVyNTAyODkwOQ@@._V1_UX182_CR0,0,182,268_AL_.jpg";"";"";""
"1525412612241";"Avalon";"";"2001";"1h 47min";"";"Mamoru Oshii";"";"In a future world, young people are increasingly becoming addicted to an illegal (and potentially deadly) battle simulation game called Avalon. When Ash, a star player, hears of rumors that... See full summary »";"tt0267287";"6.5";"";"";"";"";"1";"Movies";"https://images-na.ssl-images-amazon.com/images/M/MV5BMTE1ZGJkNDYtNzA0Zi00MmY1LWJhOTctOThkODcwZWIxZTBiXkEyXkFqcGdeQXVyMzg2MzE2OTE@._V1_UX182_CR0,0,182,268_AL_.jpg";"";"";""
"1525412612244";"Russian Ark";"Russkiy kovcheg";"2002";"1h 39min";"";"Aleksandr Sokurov";"";"A 19th century French aristocrat, notorious for his scathing memoirs about life in Russia, travels through the Russian State Hermitage Museum and encounters historical figures from the last 200+ years.";"tt0318034";"7.4";"";"";"";"";"1";"Movies";"https://images-na.ssl-images-amazon.com/images/M/MV5BMjEyNDEwOTU0NV5BMl5BanBnXkFtZTYwNjk0NTk5._V1_UY268_CR0,0,182,268_AL_.jpg";"";"";""
"1525412612247";"Brick";"";"2005";"1h 50min";"";"Rian Johnson";"";"A teenage loner pushes his way into the underworld of a high school crime ring to investigate the disappearance of his ex-girlfriend.";"tt0393109";"7.4";"";"";"";"";"1";"Movies";"https://images-na.ssl-images-amazon.com/images/M/MV5BMTk4MjQzMzA2N15BMl5BanBnXkFtZTcwMTU2MzIzMQ@@._V1_UX182_CR0,0,182,268_AL_.jpg";"";"";""
"1525412612249";"Death at a Funeral";"";"2007";"1h 27min";"";"Frank Oz";"";"Chaos ensues when a man tries to expose a dark secret regarding a recently deceased patriarch of a dysfunctional British family.";"tt0795368";"7.4";"";"";"";"";"1";"Movies";"https://images-na.ssl-images-amazon.com/images/M/MV5BMjE4OTIyNTM1MF5BMl5BanBnXkFtZTcwMjUzNTg0MQ@@._V1_UX182_CR0,0,182,268_AL_.jpg";"";"";""
"1525412612251";"Good Dick";"";"2008";"1h 26min";"";"Marianna Palka";"";"A look at the relationship between a lonely introverted girl and a young video store clerk vying for her attention.";"tt0944101";"6.4";"";"";"";"";"1";"Movies";"https://images-na.ssl-images-amazon.com/images/M/MV5BMzQyMjAxNjU1NF5BMl5BanBnXkFtZTcwNjY5ODg5MQ@@._V1_UY268_CR2,0,182,268_AL_.jpg";"";"";""
"1525412612254";"Revolutionary Road";"";"2008";"1h 59min";"";"Sam Mendes";"";"A young couple living in a Connecticut suburb during the mid-1950s struggle to come to terms with their personal problems while trying to raise their two children.";"tt0959337";"7.3";"";"";"";"";"1";"Movies";"https://images-na.ssl-images-amazon.com/images/M/MV5BMTczNDgzMjczOV5BMl5BanBnXkFtZTcwOTU3MzMwMg@@._V1_UX182_CR0,0,182,268_AL_.jpg";"";"";""
"1525412612256";"Slumdog Millionaire";"";"2008";"2h";"";"Danny Boyle, Loveleen Tandan";"";"A Mumbai teen reflects on his upbringing in the slums when he is accused of cheating on the Indian Version of ""Who Wants to be a Millionaire?""";"tt1010048";"8.0";"";"";"";"";"1";"Movies";"https://images-na.ssl-images-amazon.com/images/M/MV5BZmNjZWI3NzktYWI1Mi00OTAyLWJkNTYtMzUwYTFlZDA0Y2UwXkEyXkFqcGdeQXVyNjU0OTQ0OTY@._V1_UX182_CR0,0,182,268_AL_.jpg";"";"";""
"1525412612258";"Pirate Radio";"The Boat That Rocked";"2009";"2h 15min";"";"Richard Curtis";"";"A band of rogue DJs that captivated Britain, playing the music that defined a generation and standing up to a government that wanted classical music, and nothing else, on the airwaves.";"tt1131729";"7.4";"";"";"";"";"1";"Movies";"https://images-na.ssl-images-amazon.com/images/M/MV5BMTMzMjYzMTMyM15BMl5BanBnXkFtZTcwOTk5NDA5Mg@@._V1_UX182_CR0,0,182,268_AL_.jpg";"";"";""
"1525412612261";"The Imaginarium of Doctor Parnassus";"";"2009";"2h 3min";"";"Terry Gilliam";"";"A traveling theater company gives its audience much more than they were expecting.";"tt1054606";"6.8";"";"";"";"";"1";"Movies";"https://images-na.ssl-images-amazon.com/images/M/MV5BMTY4Njg4NTA3Nl5BMl5BanBnXkFtZTcwNzYxMzg5Mg@@._V1_UX182_CR0,0,182,268_AL_.jpg";"";"";""
"1525412612263";"Wonder Woman";"";"2009";"1h 14min";"";"Lauren Montgomery";"";"A modern man's trespass of the island of the Amazons enables an imprisoned war god to escape and Princess Diana wins the responsibility to recapture him.";"tt1186373";"7.4";"";"";"";"";"1";"Movies";"https://images-na.ssl-images-amazon.com/images/M/MV5BNzU1NmNmNTgtMTUyYS00ZmRmLTkzOWItOTY2ZWZiYjVkYzkzXkEyXkFqcGdeQXVyNjExODE1MDc@._V1_UX182_CR0,0,182,268_AL_.jpg";"";"";""
"1525412612266";"Beyond the Black Rainbow";"";"2010";"1h 50min";"";"Panos Cosmatos";"";"Despite being under heavy sedation, a young woman tries to make her way out of the Arboria Institute, a secluded, quasifuturistic commune.";"tt1534085";"6.0";"";"";"";"";"1";"Movies";"https://images-na.ssl-images-amazon.com/images/M/MV5BMTc1MjQyODcxM15BMl5BanBnXkFtZTcwNDU1MjE0Nw@@._V1_UX182_CR0,0,182,268_AL_.jpg";"";"";""
"1525412612269";"Hot Tub Time Machine";"";"2010";"1h 41min";"";"Steve Pink";"";"A malfunctioning time machine at a ski resort takes a man back to 1986 with his two friends and nephew, where they must relive a fateful night and not change anything to make sure the nephew is born.";"tt1231587";"6.4";"";"";"";"";"1";"Movies";"https://images-na.ssl-images-amazon.com/images/M/MV5BMTQwMjExODA4Ml5BMl5BanBnXkFtZTcwNTYwMDYxMw@@._V1_UX182_CR0,0,182,268_AL_.jpg";"";"";""
"1525412612272";"Rubber";"";"2010";"1h 22min";"";"Quentin Dupieux";"";"A homicidal car tire, discovering it has destructive psionic power, sets its sights on a desert town once a mysterious woman becomes its obsession.";"tt1612774";"5.8";"";"";"";"";"1";"Movies";"https://images-na.ssl-images-amazon.com/images/M/MV5BZTY2NTY4MzctMWNkYy00NWM4LTliOWQtMWExZDU1ZWQxNTQxXkEyXkFqcGdeQXVyNTIzOTk5ODM@._V1_UY268_CR9,0,182,268_AL_.jpg";"";"";""
"1525412612274";"The Ides of March";"";"2011";"1h 41min";"";"George Clooney";"";"An idealistic staffer for a new presidential candidate gets a crash course on dirty politics during his stint on the campaign trail.";"tt1124035";"7.1";"";"";"";"";"1";"Movies";"https://images-na.ssl-images-amazon.com/images/M/MV5BNTU4MjkzNTY0OF5BMl5BanBnXkFtZTcwNDI5ODIxNg@@._V1_UX182_CR0,0,182,268_AL_.jpg";"";"";""
"1525412612277";"Artifact";"";"2012";"1h 43min";"";"Jared Leto";"";"Telling harsh truths about the modern music business, this riveting and award-winning documentary gives intimate access to singer/actor Jared Leto (""Requiem for a Dream,"" ""Dallas Buyers ... See full summary »";"tt2370718";"8.1";"";"";"";"";"1";"Movies";"https://images-na.ssl-images-amazon.com/images/M/MV5BMTY4MzY5Njg4MF5BMl5BanBnXkFtZTgwNzgzNjAzMTE@._V1_UY268_CR9,0,182,268_AL_.jpg";"";"";""
"1525412612279";"Magic Mike";"";"2012";"1h 50min";"";"Steven Soderbergh";"";"A male stripper teaches a younger performer how to party, pick up women, and make easy money.";"tt1915581";"6.1";"";"";"";"";"1";"Movies";"https://images-na.ssl-images-amazon.com/images/M/MV5BMTQzMDMzOTA5M15BMl5BanBnXkFtZTcwMjc4MTg4Nw@@._V1_UX182_CR0,0,182,268_AL_.jpg";"";"";""
"1525412612281";"The Hunt";"Jagten";"2012";"1h 55min";"";"Thomas Vinterberg";"";"A teacher lives a lonely life, all the while struggling over his son's custody. His life slowly gets better as he finds love and receives good news from his son, but his new luck is about to be brutally shattered by an innocent little lie.";"tt2106476";"8.3";"";"";"";"";"1";"Movies";"https://images-na.ssl-images-amazon.com/images/M/MV5BNDM2MzMwMzcxNF5BMl5BanBnXkFtZTcwNTczMDk3OA@@._V1_UY268_CR0,0,182,268_AL_.jpg";"";"";""
"1525412612283";"Mama";"";"2013";"1h 40min";"";"Andy Muschietti";"";"A young couple take in their 2 nieces only to suspect that a supernatural spirit named Mama has latched itself to their family.";"tt2023587";"6.2";"";"";"";"";"1";"Movies";"https://images-na.ssl-images-amazon.com/images/M/MV5BMTM5MjIwNDAwMl5BMl5BanBnXkFtZTcwNzQyOTY0OA@@._V1_UX182_CR0,0,182,268_AL_.jpg";"";"";""
"1525412612285";"The Congress";"";"2013";"2h 2min";"";"Ari Folman";"";"An aging, out-of-work actress accepts one last job, though the consequences of her decision affect her in ways she didn't consider.";"tt1821641";"6.5";"";"";"";"";"1";"Movies";"https://images-na.ssl-images-amazon.com/images/M/MV5BMjE5MTUzNDk3M15BMl5BanBnXkFtZTgwMTUwNTQ5MTE@._V1_UX182_CR0,0,182,268_AL_.jpg";"";"";""
"1525412612287";"Calvary";"";"2014";"1h 42min";"";"John Michael McDonagh";"";"After he is threatened during a confession, a good-natured priest must battle the dark forces closing in around him.";"tt2234003";"7.4";"";"";"";"";"1";"Movies";"https://images-na.ssl-images-amazon.com/images/M/MV5BMTc3MjQ1MjE2M15BMl5BanBnXkFtZTgwNTMzNjE4MTE@._V1_UX182_CR0,0,182,268_AL_.jpg";"";"";""
"1525412612289";"Leviathan";"Leviafan";"2014";"2h 20min";"";"Andrey Zvyagintsev";"";"In a Russian coastal town, Kolya is forced to fight the corrupt mayor when he is told that his house will be demolished. He recruits a lawyer friend to help, but the man's arrival brings further misfortune for Kolya and his family.";"tt2802154";"7.6";"";"";"";"";"1";"Movies";"https://images-na.ssl-images-amazon.com/images/M/MV5BMjAwMTY3MTU0Ml5BMl5BanBnXkFtZTgwNzE0ODAwMzE@._V1_UX182_CR0,0,182,268_AL_.jpg";"";"";""
"1525412612291";"Capsule";"";"2015";"1h 31min";"";"Andrew Martin";"";"Guy is an experienced British fighter pilot who is in command of Britain's first manned mission to space. He has trained for this for three years at the height of the Cold War and now he is... See full summary »";"tt3108244";"6.4";"";"";"";"";"1";"Movies";"https://images-na.ssl-images-amazon.com/images/M/MV5BMTY4NjEwNTY0M15BMl5BanBnXkFtZTgwMDczOTEzMDI@._V1_UX182_CR0,0,182,268_AL_.jpg";"";"";""
"1525412612294";"The Age of Adaline";"";"2015";"1h 52min";"";"Lee Toland Krieger";"";"A young woman, born at the turn of the 20th century, is rendered ageless after an accident. After many solitary years, she meets a man who complicates the eternal life she has settled into.";"tt1655441";"7.2";"";"";"";"";"1";"Movies";"https://images-na.ssl-images-amazon.com/images/M/MV5BMTAzMTQzMTA2MjheQTJeQWpwZ15BbWU4MDk2MTg2MzUx._V1_UX182_CR0,0,182,268_AL_.jpg";"";"";""
"1525412612296";"The Lure";"Córki dancingu";"2015";"1h 32min";"";"Agnieszka Smoczynska";"";"In Warsaw, a pair of mermaid sisters are adopted into a cabaret. While one seeks love with humans the other hungers to dine on the human population of the city.";"tt5278832";"6.4";"";"";"";"";"1";"Movies";"https://images-na.ssl-images-amazon.com/images/M/MV5BNTVkYzBiNzMtOGE2MS00YzM0LWI2MzUtOGY2N2M2OTBmYzk0L2ltYWdlXkEyXkFqcGdeQXVyMjIxMzMyMQ@@._V1_UY268_CR0,0,182,268_AL_.jpg";"";"";""
"1525412612298";"A Silent Voice";"";"2016";"2h 9min";"";"Naoko Yamada";"";"A young man is ostracized by his classmates after he bullies a deaf girl to the point where she moves away. Years later, he sets off on a path for redemption.";"tt5323662";"8.2";"";"";"";"";"1";"Movies";"https://images-na.ssl-images-amazon.com/images/M/MV5BMzBkOWI1ZjgtYmJjYy00ZjE4LWI4OTMtOGY2YThlYjQ5YmRiXkEyXkFqcGdeQXVyMTMxODk2OTU@._V1_UY268_CR4,0,182,268_AL_.jpg";"";"";""
"1525412612300";"Let Me Make You A Martyr";"";"2016";"1h 42min";"";"Corey Asraf, John Swab";"";"A cerebral revenge film about two adopted siblings who fall in love, and hatch a plan to kill their abusive father.";"tt3699372";"4.8";"";"";"";"";"1";"Movies";"https://images-na.ssl-images-amazon.com/images/M/MV5BMTE0Mjc3MDY3NTVeQTJeQWpwZ15BbWU4MDAzNTI1NTkx._V1_UX182_CR0,0,182,268_AL_.jpg";"";"";""
"1525412612302";"Love & Friendship";"";"2016";"1h 30min";"";"Whit Stillman";"";"Lady Susan Vernon takes up temporary residence at her in-laws' estate and, while there, is determined to be a matchmaker for her daughter Frederica -- and herself too, naturally.";"tt3068194";"6.5";"";"";"";"";"1";"Movies";"https://images-na.ssl-images-amazon.com/images/M/MV5BMTQ3NTQ2NjMwMV5BMl5BanBnXkFtZTgwOTk3Njk0ODE@._V1_UX182_CR0,0,182,268_AL_.jpg";"";"";""
"1525412612305";"Maudie";"";"2016";"1h 55min";"";"Aisling Walsh";"";"An arthritic Nova Scotia woman works as a housekeeper while she hones her skills as an artist and eventually becomes a beloved figure in the community.";"tt3721954";"7.7";"";"";"";"";"1";"Movies";"https://images-na.ssl-images-amazon.com/images/M/MV5BMjA0NTQzMDY3NV5BMl5BanBnXkFtZTgwMDQ2Mzg0MTI@._V1_UY268_CR1,0,182,268_AL_.jpg";"";"";""
"1525412612307";"Grimsby";"";"2016";"1h 23min";"";"Louis Leterrier";"";"A new assignment forces a top spy to team up with his football hooligan brother.";"tt3381008";"6.2";"";"";"";"";"1";"Movies";"https://images-na.ssl-images-amazon.com/images/M/MV5BMjE0NTE3MjMwNV5BMl5BanBnXkFtZTgwMDc5NjQxODE@._V1_UX182_CR0,0,182,268_AL_.jpg";"";"";""
"1525412612311";"The Red Turtle";"La tortue rouge";"2016";"1h 20min";"";"Michael Dudok de Wit";"";"A man is shipwrecked on a deserted island and encounters a red turtle, which changes his life.";"tt3666024";"7.6";"";"";"";"";"1";"Movies";"https://images-na.ssl-images-amazon.com/images/M/MV5BODU3MjIxZWMtODFjYy00ZTI5LThmMzctMTMzZWFlOTIzNTc2L2ltYWdlXkEyXkFqcGdeQXVyNTAyODkwOQ@@._V1_UY268_CR9,0,182,268_AL_.jpg";"";"";""
"1525412612314";"Voyage of Time";"Voyage of Time: Life's Journey";"2016";"1h 30min";"";"Terrence Malick";"";"An exploration into our planetary past and a search for humanity's place in the future. With narration by Cate Blanchett.";"tt1945228";"6.4";"";"";"";"";"1";"Movies";"https://images-na.ssl-images-amazon.com/images/M/MV5BMTg2NzU5OTEwNl5BMl5BanBnXkFtZTgwMDkxNjA4OTE@._V1_UX182_CR0,0,182,268_AL_.jpg";"";"";""
"1525412612317";"A Ghost Story";"";"2017";"1h 32min";"";"David Lowery";"";"In this singular exploration of legacy, love, loss, and the enormity of existence, a recently deceased, white-sheeted ghost returns to his suburban home to try to reconnect with his bereft wife.";"tt6265828";"6.9";"";"";"";"";"1";"Movies";"https://images-na.ssl-images-amazon.com/images/M/MV5BMzcyNTc1ODQzMF5BMl5BanBnXkFtZTgwNTgzMzY4MTI@._V1_UX182_CR0,0,182,268_AL_.jpg";"";"";""
"1525412612320";"American Made";"";"2017";"1h 55min";"";"Doug Liman";"";"The story of Barry Seal, an American pilot who became a drug-runner for the CIA in the 1980s in a clandestine operation that would be exposed as the Iran-Contra Affair.";"tt3532216";"7.2";"";"";"";"";"1";"Movies";"https://images-na.ssl-images-amazon.com/images/M/MV5BMTUxNzUwMjk1Nl5BMl5BanBnXkFtZTgwNDkwODI1MjI@._V1_UX182_CR0,0,182,268_AL_.jpg";"";"";""
"1525412612323";"Becks";"";"2017";"1h 30min";"";"Daniel Powell, Elizabeth Rohrbaugh";"";"After a crushing breakup with her girlfriend, a Brooklyn musician moves back in with her Midwestern mother. As she navigates her hometown, playing for tip money in an old friend's bar, an unexpected relationship begins to take shape. Based on the life and times of Allyssa Robbins, my cousin.";"tt6150942";"5.9";"";"";"";"";"1";"Movies";"https://images-na.ssl-images-amazon.com/images/M/MV5BNTYzYTBiZjItM2FmOS00YWNkLTkyZDQtZDc1N2QwYjQxNzU2XkEyXkFqcGdeQXVyNjc1NzI1MDU@._V1_UX182_CR0,0,182,268_AL_.jpg";"";"";""
"1525412612326";"Bomb City";"";"2017";"1h 35min";"";"Jameson Brooks";"";"A crime-drama, about the cultural aversion of a group of punk rockers in a conservative Texas town. Their ongoing battle with a rival, more-affluent clique leads to a controversial hate crime that questions the morality of American justice.";"tt4351548";"7.2";"";"";"";"";"1";"Movies";"https://images-na.ssl-images-amazon.com/images/M/MV5BZTdjNTQ0ZDUtNjNiZS00Y2U5LTgwMTAtMjUyZGVhM2FjYmNlXkEyXkFqcGdeQXVyMzcwNjY5NzA@._V1_UX182_CR0,0,182,268_AL_.jpg";"";"";""
"1525412612328";"Coco";"";"2017";"1h 45min";"";"Lee Unkrich, Adrian Molina";"";"Aspiring musician Miguel, confronted with his family's ancestral ban on music, enters the Land of the Dead to find his great-great-grandfather, a legendary singer.";"tt2380307";"8.5";"";"";"";"";"1";"Movies";"https://images-na.ssl-images-amazon.com/images/M/MV5BYjQ5NjM0Y2YtNjZkNC00ZDhkLWJjMWItN2QyNzFkMDE3ZjAxXkEyXkFqcGdeQXVyODIxMzk5NjA@._V1_UY268_CR3,0,182,268_AL_.jpg";"";"";""
"1525412612330";"Doctor Who: Shada";"";"2017";"2h 18min";"";"Charles Norton";"";"The story revolves around the planet Shada, on which the Time Lords have constructed a high security prison for some of the Universe's most dangerous criminals. Skagra, a flawed genius from... See full summary »";"tt7689226";"6.1";"";"";"";"";"1";"Movies";"https://images-na.ssl-images-amazon.com/images/M/MV5BNzBiODAzOGQtZTY2Yy00NGM1LWJiYjYtYjQ1NzFkN2UxZjEzXkEyXkFqcGdeQXVyMTE2OTEyMzU@._V1_UY268_CR43,0,182,268_AL_.jpg";"";"";""
"1525412612332";"Loving Vincent";"";"2017";"1h 34min";"";"Dorota Kobiela, Hugh Welchman";"";"In a story depicted in oil painted animation, a young man comes to the last hometown of painter Vincent van Gogh to deliver the troubled artist's final letter and ends up investigating his final days there.";"tt3262342";"7.9";"";"";"";"";"1";"Movies";"https://images-na.ssl-images-amazon.com/images/M/MV5BMTU3NjE2NjgwN15BMl5BanBnXkFtZTgwNDYzMzEwMzI@._V1_UY268_CR0,0,182,268_AL_.jpg";"";"";""
"1525412612335";"Mother!";"";"2017";"2h 1min";"";"Darren Aronofsky";"";"A couple's relationship is tested when uninvited guests arrive at their home, disrupting their tranquil existence.";"tt5109784";"6.7";"";"";"";"";"1";"Movies";"https://images-na.ssl-images-amazon.com/images/M/MV5BMzc5ODExODE0MV5BMl5BanBnXkFtZTgwNDkzNDUxMzI@._V1_UX182_CR0,0,182,268_AL_.jpg";"";"";""
"1525412612338";"Song to Song";"";"2017";"2h 9min";"";"Terrence Malick";"";"Two intersecting love triangles. Obsession and betrayal set against the music scene in Austin, Texas.";"tt2062700";"5.8";"";"";"";"";"1";"Movies";"https://images-na.ssl-images-amazon.com/images/M/MV5BNzI1MTg0MzEyOF5BMl5BanBnXkFtZTgwNzk4Mjk0MTI@._V1_UX182_CR0,0,182,268_AL_.jpg";"";"";""
"1525412612340";"The Foreigner";"";"2017";"1h 53min";"";"Martin Campbell";"";"A humble businessman with a buried past seeks justice when his daughter is killed in an act of terrorism. A cat-and-mouse conflict ensues with a government official, whose past may hold clues to the killers' identities.";"tt1615160";"7.1";"";"";"";"";"1";"Movies";"https://images-na.ssl-images-amazon.com/images/M/MV5BM2RlMjcyMGQtZTU3OC00NGRlLWExMGEtYjU3ZjUyMDc0NWZmXkEyXkFqcGdeQXVyNTI4MzE4MDU@._V1_UX182_CR0,0,182,268_AL_.jpg";"";"";""
"1525412612342";"The Killing of a Sacred Deer";"";"2017";"2h 1min";"";"Yorgos Lanthimos";"";"Steven, a charismatic surgeon, is forced to make an unthinkable sacrifice after his life starts to fall apart, when the behavior of a teenage boy he has taken under his wing turns sinister.";"tt5715874";"7.1";"";"";"";"";"1";"Movies";"https://images-na.ssl-images-amazon.com/images/M/MV5BMjU4NDcwOTA2NF5BMl5BanBnXkFtZTgwMjE2OTg4MzI@._V1_UX182_CR0,0,182,268_AL_.jpg";"";"";""
"1525412612345";"The LEGO Ninjago Movie";"";"2017";"1h 41min";"";"Charlie Bean, Paul Fisher";"";"Shunned by everyone for being the son of an evil warlord, a teenager seeks to defeat him with the help of his fellow ninjas.";"tt3014284";"6.0";"";"";"";"";"1";"Movies";"https://images-na.ssl-images-amazon.com/images/M/MV5BNDI3MDljMTQtYzBiYS00NDk2LTlhYzUtYmM0NWIyMmZkMDZkXkEyXkFqcGdeQXVyNjk5NDA3OTk@._V1_UY268_CR3,0,182,268_AL_.jpg";"";"";""
"1525412612347";"The Party";"";"2017";"1h 11min";"";"Sally Potter";"";"Janet hosts a party to celebrate her new promotion, but once the guests arrive it becomes clear that not everything is going to go down as smoothly as the red wine.";"tt5814592";"6.7";"";"";"";"";"1";"Movies";"https://images-na.ssl-images-amazon.com/images/M/MV5BMTYwMTU5MzY4NF5BMl5BanBnXkFtZTgwNTY2NTkxNDM@._V1_UX182_CR0,0,182,268_AL_.jpg";"";"";""
"1525412612350";"Thelma";"";"2017";"1h 56min";"";"Joachim Trier";"";"A confused religious girl tries to deny her feelings for a female friend who's in love with her. This causes her suppressed subconsciously-controlled psychokinetic powers to reemerge as seizures with devastating results.";"tt6304046";"7.1";"";"";"";"";"1";"Movies";"https://images-na.ssl-images-amazon.com/images/M/MV5BMjk0NjI2MjM1NF5BMl5BanBnXkFtZTgwODc2NjU0MzI@._V1_UX182_CR0,0,182,268_AL_.jpg";"";"";""
"1525412612352";"Nana";"";"2005";"1h 53min";"";"Kentarô Ohtani";"";"A chance encounter between two girls of the same name, ""Nana,"" triggers a series of events and relationships.";"tt0471834";"7.2";"";"";"";"";"1";"Movies";"https://images-na.ssl-images-amazon.com/images/M/MV5BMTYxMDEwNTgxMV5BMl5BanBnXkFtZTcwMzE5NzQ5MQ@@._V1_UY268_CR3,0,182,268_AL_.jpg";"";"";""
"1525412612354";"Dislocation";"错位";"1986";"1h 35min";"";"Jianxin Huang";"";"Engineer Zhao Shuxin has been promoted and clones a robot in his image to attend his meetings, resulting in comic situations.";"tt0346810";"6.8";"";"";"";"";"1";"Movies";"https://images-na.ssl-images-amazon.com/images/M/MV5BNDE5ZWE5OTctMzNjOC00YTYwLThkZTQtMDgxMGMwNjIyNTkxXkEyXkFqcGdeQXVyMjQwMjk0NjI@._V1_UY268_CR6,0,182,268_AL_.jpg";"";"";""
"1525412612356";"The Last Emperor";"末代皇帝";"1987";"2h 43min";"";"Bernardo Bertolucci";"";"The story of the final Emperor of China.";"tt0093389";"7.8";"";"";"";"";"1";"Movies";"https://images-na.ssl-images-amazon.com/images/M/MV5BZTk0NDU4YmItOTk0ZS00ODc2LTkwNGItNWI5MDJkNTJiYWMxXkEyXkFqcGdeQXVyNjUwNzk3NDc@._V1_UX182_CR0,0,182,268_AL_.jpg";"";"";""
"1525412612357";"Dogra Magra";"ドグラ・マグラ";"1988";"1h 49min";"";"Toshio Matsumoto";"";"A young man kills his bride on the day of his marriage and goes insane. He wakes up in an asylum with no memory, left in the hands of two mysterious doctors who relate his condition with his biological identity.";"tt0223154";"6.6";"";"";"";"";"1";"Movies";"https://images-na.ssl-images-amazon.com/images/M/MV5BZWU0MmQ0MzgtYTNiOC00MmIyLWFjNjQtMTA5NzI3MjkzOTg4XkEyXkFqcGdeQXVyNjM4NzU1MzU@._V1_UX182_CR0,0,182,268_AL_.jpg";"";"";""
"1525412612360";"On the Silver Globe";"Na srebrnym globie";"1988";"2h 46min";"";"Andrzej Zulawski";"";"A small group of cosmic explorers, including a woman, leaves Earth to find freedom and start a new civilization. They do not realize that within themselves they carry the end of their own ... See full summary »";"tt0093593";"7.3";"";"";"";"";"1";"Movies";"https://images-na.ssl-images-amazon.com/images/M/MV5BMzc3MWJlOTAtOThkNC00MDlhLWI2NjctMjVhZjZiMTU3MmVmXkEyXkFqcGdeQXVyMTQ2MjQyNDc@._V1_UY268_CR3,0,182,268_AL_.jpg";"";"";""
"1525412612362";"Tetsuo II Body Hammer";"鉄男 II BODY HAMMER";"1992";"1h 23min";"";"Shin'ya Tsukamoto";"";"Sequel to ""Tetsuo"" this time has the Iron Man transforming into cyberkinetic gun when a gang of vicious skinheads kidnap his son. When the skinheads capture him, they begin to experiment on... See full summary »";"tt0105569";"6.4";"";"";"";"";"1";"Movies";"https://images-na.ssl-images-amazon.com/images/M/MV5BNDFmMjAwYWEtYjk1YS00NzMxLTg0NGYtNjkwMjI1NjY2MTBlXkEyXkFqcGdeQXVyMzM4MjM0Nzg@._V1_UY268_CR3,0,182,268_AL_.jpg";"";"";""
"1525412612365";"Feng Kuang De Tu Zi";"疯狂的兔子";"1997";"1h 22min";"";"";"";"Add a Plot »";"tt6676134";"6.2";"";"";"";"";"1";"Movies";"https://images-na.ssl-images-amazon.com/images/M/MV5BYWYzMWNkNDktMzFhZi00ZTlkLWJhMDEtMTk0NDJkNzMwNzU4XkEyXkFqcGdeQXVyMTk2MDc1MjQ@._V1_UY268_CR1,0,182,268_AL_.jpg";"";"";""
"1525412612369";"Open Your Eyes";"Abre los ojos";"1997";"1h 57min";"";"Alejandro Amenábar";"";"A very handsome man finds the love of his life, but he suffers an accident and needs to have his face rebuilt by surgery after it is severely disfigured.";"tt0125659";"7.8";"";"";"";"";"1";"Movies";"https://images-na.ssl-images-amazon.com/images/M/MV5BM2MxNDkwNWItNDFiMS00YTNlLWJjM2EtMDA0ZjY0OGFiYmIzXkEyXkFqcGdeQXVyMTQxNzMzNDI@._V1_UX182_CR0,0,182,268_AL_.jpg";"";"";""
"1525412612372";"Tetsuo The Bullet Man";"鉄男 THE BULLET MAN";"2009";"1h 11min";"";"Shin'ya Tsukamoto";"";"Losing his son Tom in a hit and run triggers violent emotions in Anthony, whose body begins to transform. When the driver who killed Tom reappears, Anthony mutates into a mass of metal - a human weapon fuelled by an uncontrollable rage.";"tt1176416";"5.7";"";"";"";"";"1";"Movies";"https://images-na.ssl-images-amazon.com/images/M/MV5BMTg0NTAyMzMwMV5BMl5BanBnXkFtZTcwMzcyNjEzNA@@._V1_UY268_CR0,0,182,268_AL_.jpg";"";"";""
"1525412612375";"The Legend Is Born Ip Man";"葉問前傳";"2010";"1h 40min";"";"Herman Yau";"";"Yip Man's resistance against invading foreigners, along with his romantic relations while under the tutelage of three Wing Chun masters.";"tt1641638";"7.1";"";"";"";"";"1";"Movies";"https://images-na.ssl-images-amazon.com/images/M/MV5BMjA2ODgyMjE1MF5BMl5BanBnXkFtZTcwMzE3MDU3Ng@@._V1_UX182_CR0,0,182,268_AL_.jpg";"";"";""
"1525412612377";"A Story of Yonosuke";"横道世之介 (よこみちよのすけ)";"2013";"2h 40min";"";"Shûichi Okita";"";"Were people's lives changed by having known Yonosuke?";"tt2151915";"7.7";"";"";"";"";"1";"Movies";"https://images-na.ssl-images-amazon.com/images/M/MV5BNWQxNDNlZGQtM2RhZS00MjkxLTlmYjYtZTc1MGM1OGQ0NzIyXkEyXkFqcGdeQXVyMjQ2MTk1OTE@._V1_UY268_CR5,0,182,268_AL_.jpg";"";"";""
"1525412612381";"Gone with the Bullets";"一步之遥";"2014";"2h 20min";"";"Wen Jiang";"";"Set in 1920s Shanghai, Ma Zouri and Xiang Feitian establish a notorious beauty pageant called the Flowers Competition. All of the city's elite attend the gala event, but when Wanyan Ying ... See full summary »";"tt2168000";"5.8";"";"";"";"";"1";"Movies";"https://images-na.ssl-images-amazon.com/images/M/MV5BMjQwMjAyMDQyNl5BMl5BanBnXkFtZTgwNTk4OTY0MzE@._V1_UX182_CR0,0,182,268_AL_.jpg";"";"";""
"1525412612384";"K Missing Kings";"劇場版 K Missing Kings (げきじょうばん)";"2014";"1h 13min";"";"Shingo Suzuki";"";"Since the Island Academy Incident, silver clansmen Kuroh Yatogami and Neko have been searching for their master, Yashiro Isana, the Silver King. Their search having turned up fruitless, the... See full summary »";"tt3794204";"7.3";"";"";"";"";"1";"Movies";"https://images-na.ssl-images-amazon.com/images/M/MV5BMTQ3NTk1Mzg0MV5BMl5BanBnXkFtZTgwMjM3NzIwMjE@._V1_UY268_CR3,0,182,268_AL_.jpg";"";"";""
"1525412612385";"La famille Bélier";"The Bélier Family";"2014";"1h 46min";"";"Eric Lartigau";"";"A girl, who lives with her deaf parents, discovers that she has the gift of singing.";"tt3547740";"7.3";"";"";"";"";"1";"Movies";"https://images-na.ssl-images-amazon.com/images/M/MV5BMTcyMjE3NzIwNF5BMl5BanBnXkFtZTgwODU5ODE4MzE@._V1_UY268_CR7,0,182,268_AL_.jpg";"";"";""
"1525412612388";"My Summer in Provence";"Avis de mistral";"2014";"1h 45min";"";"Rose Bosch";"";"Lea, Adrian, and their little brother Theo, born deaf, go on holiday in Provence with their grandfather, Paul ""Oliveron"" they never met because of a family quarrel. Unfortunately, it is not... See full summary »";"tt3013588";"6.6";"";"";"";"";"1";"Movies";"https://images-na.ssl-images-amazon.com/images/M/MV5BMjEzOTg0NzEyNl5BMl5BanBnXkFtZTgwODM4NDQyNDE@._V1_UX182_CR0,0,182,268_AL_.jpg";"";"";""
"1525412612390";"Midnight Diner 2";"続·深夜食堂 (ぞく·しんやしょくど)";"2016";"1h 48min";"";"Joji Matsuoka";"";"When people finish their day and hurry home, his day starts. His diner is open from midnight to seven in the morning. They call it ""Midnight Diner"". Pork, Miso soup combo, Beer, Sake and ... See full summary »";"tt5741902";"7.2";"";"";"";"";"1";"Movies";"https://images-na.ssl-images-amazon.com/images/M/MV5BYmJiNDljYTItMTM5ZS00YzhmLWEwYjEtNWFlNWIxZDYwNjljXkEyXkFqcGdeQXVyNjM4OTE2NTY@._V1_UY268_CR3,0,182,268_AL_.jpg";"";"";""
"1525412612393";"The Sun";"太陽 (たいよう)";"2016";"1h 35min";"";"Trey Nelson";"";"The story of John, a small-time crook, who finds an unlikely accomplice in Louis, a newly-orphaned teenage boy. As their open-road adventure progresses and John drags the kid on a string of... See full summary »";"tt3593046";"6.0";"";"";"";"";"1";"Movies";"https://images-na.ssl-images-amazon.com/images/M/MV5BMTU4NTA5Nzk3M15BMl5BanBnXkFtZTgwNDIyMDQ5NjE@._V1_UY268_CR4,0,182,268_AL_.jpg";"";"";""
"1525412612395";"Tsuioku";"追憶 (ついおく)";"2016";"1h 38min";"";"Yasuo Furuhata";"";"Three childhood friends reunite over a murder case.";"tt5570680";"5.7";"";"";"";"";"1";"Movies";"https://images-na.ssl-images-amazon.com/images/M/MV5BOTliYjdkNjQtY2NiYi00MDA2LThmMDItYjBmNjY3YTlmZTA4XkEyXkFqcGdeQXVyNTU2Mjg3MTE@._V1_UY268_CR3,0,182,268_AL_.jpg";"";"";""
"1525412612401";"Blade of the Immortal";"無限の住人 (むげんのじゅうにん)";"2017";"2h 20min";"";"Takashi Miike";"";"Manji, a highly skilled samurai, becomes cursed with immortality after a legendary battle. Haunted by the brutal murder of his sister, Manji knows that only fighting evil will regain his soul. He promises to help a young girl named Rin avenge her parents, who were killed by a group of master swordsmen led by ruthless warrior Anotsu. The mission will change Manji in ways he could never imagine - ... See full summary »";"tt5084170";"6.8";"";"";"";"";"1";"Movies";"https://images-na.ssl-images-amazon.com/images/M/MV5BYzIwYmJlMjktMzJiMy00YmQzLThmNWYtNWY3NGViZjc4MzYwXkEyXkFqcGdeQXVyNDQxNjcxNQ@@._V1_UX182_CR0,0,182,268_AL_.jpg";"";"";""
"1525412612404";"Haruchika Haruta & Chika";"ハルチカ";"2017";"N/A";"";"Masahide Ichii";"";"Haruta and Chika were childhood friends until the former's family moved away. It is a new year at high school, freshmen are enrolling and the two meet again. Chika wants to be a member of ... See full summary »";"tt5564148";"5.8";"";"";"";"";"1";"Movies";"https://images-na.ssl-images-amazon.com/images/M/MV5BZTlkNDkxYjMtMzA0My00NzRkLTgwNzItZWNmNjRkZDNhNWRiXkEyXkFqcGdeQXVyMzgxODM4NjM@._V1_UY268_CR3,0,182,268_AL_.jpg";"";"";""
"1525412612406";"Wilderness Part One";"あゝ、荒野 (ああ、こうや)";"2017";"2h 37min";"";"Yoshiyuki Kishi";"";"The year is 2021 and years of mismanagement have left Japan a broken society riddled with poverty and underemployment. Kenji is visibly disabled and has an inferiority complex. Shinji is released from prison and has time in his hands. They both coincidentally sign up at a club for boxing and soon become friends.";"tt5905008";"8.0";"";"";"";"";"1";"Movies";"https://images-na.ssl-images-amazon.com/images/M/MV5BMDk0ZWY5NjMtMWMwZC00ODUyLTgxZWUtZGFlYzZiZDdhZTdjXkEyXkFqcGdeQXVyNjc3MjQzNTI@._V1_UY268_CR4,0,182,268_AL_.jpg";"";"";""
"1525412612408";"Wilderness Part Two";"あゝ、荒野 (ああ、こうや)";"2017";"2h 27min";"";"Yoshiyuki Kishi";"";"In the sequel to the first part, which was released simultaneously to this film, Shinji and Kenji join a boxing club. The former is just released from a prison for young offenders. The latter has a speech disability and suffers both physically and psychologically as a result. They meet and form a bond as Japanese society of 2021 breaks down around them due to the sins of capitalism and shortsightedness.";"tt6835806";"7.1";"";"";"";"";"1";"Movies";"https://images-na.ssl-images-amazon.com/images/M/MV5BNjI4NDVkZGUtOTBlZi00ODQ4LWI5NTQtYWRmMTgzYTg4OTcwXkEyXkFqcGdeQXVyMjY0MDY4Mjk@._V1_UY268_CR3,0,182,268_AL_.jpg";"";"";""
"1525412612410";"Graduation";"Bacalaureat";"2016";"2h 8min";"";"Cristian Mungiu";"";"A film about compromises and the implications of the parent's role.";"tt4936450";"7.4";"";"";"";"";"1";"Movies";"https://images-na.ssl-images-amazon.com/images/M/MV5BMjMxNTAwNzk5MF5BMl5BanBnXkFtZTgwNDY3NTM3MTI@._V1_UX182_CR0,0,182,268_AL_.jpg";"";"";""
"1525412612412";"Wind River";"";"2017";"1h 47min";"";"Taylor Sheridan";"";"A veteran tracker with the Fish and Wildlife Service helps to investigate the murder of a young Native American woman, and uses the case as a means of seeking redemption for an earlier act of irresponsibility which ended in tragedy.";"tt5362988";"7.8";"";"";"";"";"1";"Movies";"https://images-na.ssl-images-amazon.com/images/M/MV5BMTUyMjU1OTUwM15BMl5BanBnXkFtZTgwMDg1NDQ2MjI@._V1_UX182_CR0,0,182,268_AL_.jpg";"";"";""
"1525412612415";"Wonder Wheel";"";"2017";"1h 41min";"";"Woody Allen";"";"On Coney Island in the 1950s, a lifeguard tells the story of a middle-aged carousel operator, his beleaguered wife, and the visitor who turns their lives upside-down.";"tt5825380";"6.2";"";"";"";"";"1";"Movies";"https://images-na.ssl-images-amazon.com/images/M/MV5BMTA2NjAyMDIzMzleQTJeQWpwZ15BbWU4MDg1NTEwNjMy._V1_UX182_CR0,0,182,268_AL_.jpg";"";"";""
"1525412612417";"Hotel Salvation";"";"2016";"1h 42min";"";"Shubhashish Bhutiani";"";"Faced with his father's untimely and bizarre demand to go and die in the holy city of Varanasi and attain Salvation, a son is left with no choice but to embark on this journey.";"tt5997928";"7.5";"";"";"";"";"1";"Movies";"https://images-na.ssl-images-amazon.com/images/M/MV5BNDg5OWQ0ZmEtMTk5YS00MjE4LWE1OGMtYTYxYzQ1YzM2NzZhXkEyXkFqcGdeQXVyNjg1NDE5NjI@._V1_UY268_CR3,0,182,268_AL_.jpg";"";"";""
"1525412612419";"Call Me by Your Name";"";"2017";"2h 12min";"";"Luca Guadagnino";"";"In 1980s Italy, a romance blossoms between a seventeen year-old student and the older man hired as his father's research assistant.";"tt5726616";"8.1";"";"";"";"";"1";"Movies";"https://images-na.ssl-images-amazon.com/images/M/MV5BNDk3NTEwNjc0MV5BMl5BanBnXkFtZTgwNzYxNTMwMzI@._V1_UX182_CR0,0,182,268_AL_.jpg";"";"";""
"1525412612422";"A Love Song for Bobby Long";"";"2004";"1h 59min";"";"Shainee Gabel";"";"A headstrong young woman returns to New Orleans after the death of her estranged mother.";"tt0369672";"7.2";"";"";"";"";"1";"Movies";"https://images-na.ssl-images-amazon.com/images/M/MV5BOGEyZDhlYTUtYTdmMS00NDVhLThiZWItMDIyYjRlZDYzODgxXkEyXkFqcGdeQXVyMTQxNzMzNDI@._V1_UX182_CR0,0,182,268_AL_.jpg";"";"";""
"1525412612424";"Cube Zero";"";"2004";"1h 37min";"";"Ernie Barbarash";"";"A young man whose job is to watch over the Cube endeavours to rescue an innocent woman trapped in one of its rooms.";"tt0377713";"5.7";"";"";"";"";"1";"Movies";"https://images-na.ssl-images-amazon.com/images/M/MV5BZjA3ZmQ3YWQtM2ViNS00Mzk4LTk1ZWQtMWIyZTdkYzA5NjJkXkEyXkFqcGdeQXVyNTIzOTk5ODM@._V1_UY268_CR2,0,182,268_AL_.jpg";"";"";""
"1525412612427";"The Boondock Saints II: All Saints Day";"";"2009";"1h 58min";"";"Troy Duffy";"";"The MacManus brothers are living a quiet life in Ireland with their father, but when they learn that their beloved priest has been killed by mob forces, they go back to Boston to bring justice to those responsible and avenge the priest.";"tt1300851";"6.3";"";"";"";"";"1";"Movies";"https://images-na.ssl-images-amazon.com/images/M/MV5BMTY4MDMxNzM2M15BMl5BanBnXkFtZTcwNjk5MzU5Mg@@._V1_UX182_CR0,0,182,268_AL_.jpg";"";"";""
"1525412612429";"One Million Years B.C.";"";"1966";"1h 40min";"";"Don Chaffey";"";"Prehistoric man Tumak is banished from his savage tribe and meets pretty Loana who belongs to a gentler coastal tribe but he must fight caveman Payto to win her favors.";"tt0060782";"5.7";"";"";"";"";"1";"Movies";"https://images-na.ssl-images-amazon.com/images/M/MV5BMTkzNjI1NDA2N15BMl5BanBnXkFtZTgwMjU0OTE0NTE@._V1_UY268_CR0,0,182,268_AL_.jpg";"";"";""
"1525412612432";"My Life as A Zucchini";"Ma vie de Courgette";"2016";"1h 6min";"";"Claude Barras";"";"After losing his mother, a young boy is sent to a foster home with other orphans his age where he begins to learn the meaning of trust and true love.";"tt2321405";"7.8";"";"";"";"";"1";"Movies";"https://images-na.ssl-images-amazon.com/images/M/MV5BMGZhZTMxNWItZDU1Yi00NmM4LTk3NzktZGU5Nzk0ZjdlZjQ4XkEyXkFqcGdeQXVyNTAyODkwOQ@@._V1_UY268_CR2,0,182,268_AL_.jpg";"";"";""
"1525412612434";"Lego DC Comics Super Heroes: The Flash";"";"2018";"1h 18min";"";"Ethan Spaulding";"";"The morning sun shines on the jewel of the Metropolis skyline, The Daily Planet building. But when The Joker decides this building needs a renovation, it's time to sound the Trouble Alert ... See full summary »";"tt7877382";"6.8";"";"";"";"";"1";"Movies";"https://images-na.ssl-images-amazon.com/images/M/MV5BODY5NjI2OTEtODI2ZC00MjJhLTk5MTEtNmM5MzlmNTUwNzEwXkEyXkFqcGdeQXVyNTM3MDMyMDQ@._V1_UY268_CR9,0,182,268_AL_.jpg";"";"";""
"1525412612436";"Solaris";"Solyaris";"1972";"2h 47min";"";"Andrei Tarkovsky";"";"A psychologist is sent to a station orbiting a distant planet in order to discover what has caused the crew to go insane.";"tt0069293";"8.1";"";"";"";"";"1";"Movies";"https://images-na.ssl-images-amazon.com/images/M/MV5BZmY4Yjc0OWQtZDRhMy00ODc2LWI2NGYtMWFlODYyN2VlNDQyXkEyXkFqcGdeQXVyNjU0OTQ0OTY@._V1_UY268_CR4,0,182,268_AL_.jpg";"";"";""
"1525412612438";"Hell or High Water";"";"2016";"1h 42min";"";"David Mackenzie";"";"A divorced father and his ex-con older brother resort to a desperate scheme in order to save their family's ranch in West Texas.";"tt2582782";"7.6";"";"";"";"";"1";"Movies";"https://images-na.ssl-images-amazon.com/images/M/MV5BMTg4NDA1OTA5NF5BMl5BanBnXkFtZTgwMDQ2MDM5ODE@._V1_UX182_CR0,0,182,268_AL_.jpg";"";"";""
"1525412612441";"Sin City: A Dame to Kill for";"";"2014";"1h 42min";"";"Frank Miller, Robert Rodriguez";"";"Some of Sin City's most hard-boiled citizens cross paths with a few of its more reviled inhabitants.";"tt0458481";"6.5";"";"";"";"";"1";"Movies";"https://images-na.ssl-images-amazon.com/images/M/MV5BMjA5ODYwNjgxMF5BMl5BanBnXkFtZTgwMTcwNzAyMjE@._V1_UX182_CR0,0,182,268_AL_.jpg";"";"";""
"1525412612443";"Ashes of Time";"东邪西毒";"1994";"1h 40min";"";"Kar-Wai Wong (as Kar Wai Wong)";"";"A broken-hearted hit man moves to the desert where he finds skilled swordsmen to carry out his contract killings.";"tt0109688";"7.2";"";"";"";"";"1";"Movies";"https://ia.media-imdb.com/images/M/MV5BMTc0NzMxMjI0MV5BMl5BanBnXkFtZTcwNzIwNzM5MQ@@._V1_UX182_CR0,0,182,268_AL_.jpg";"";"";""
"1525412612445";"The Shape of Water";"";"2017";"2h 3min";"";"Guillermo del Toro";"";"At a top secret research facility in the 1960s, a lonely janitor forms a unique relationship with an amphibious creature that is being held in captivity.";"tt5580390";"7.6";"";"";"";"";"1";"Movies";"https://images-na.ssl-images-amazon.com/images/M/MV5BNGNiNWQ5M2MtNGI0OC00MDA2LWI5NzEtMmZiYjVjMDEyOWYzXkEyXkFqcGdeQXVyMjM4NTM5NDY@._V1_UX182_CR0,0,182,268_AL_.jpg";"";"";""
"1525412612447";"Three Billboards Outside Ebbing, Missouri";"";"2017";"1h 55min";"";"Martin McDonagh";"";"A mother personally challenges the local authorities to solve her daughter's murder when they fail to catch the culprit.";"tt5027774";"8.3";"";"";"";"";"1";"Movies";"https://images-na.ssl-images-amazon.com/images/M/MV5BZTZjYzU2NTktNTdmNi00OTM0LTg5MDgtNGFjOGMzNjY0MDk5XkEyXkFqcGdeQXVyMTMxODk2OTU@._V1_UX182_CR0,0,182,268_AL_.jpg";"";"";""
"1525412612449";"Take Me for a Ride";"UIO Sácame a Pasear";"2016";"1h 7min";"";"Micaela Rueda";"";"High school can be horrible, especially when your classmates make you feel like a freak. But sometimes that pain only means that finding the person who gets you is all the sweeter. Loner ... See full summary »";"tt6744860";"5.1";"";"";"";"";"1";"Movies";"https://images-na.ssl-images-amazon.com/images/M/MV5BMTE4NDgxNzItMTI3Ny00NTM2LThjZmQtYmZmM2I1ZGE3MDc0XkEyXkFqcGdeQXVyNTM3MDMyMDQ@._V1_UY268_CR9,0,182,268_AL_.jpg";"";"";""
"1525412612451";"Cube 2: Hypercube";"";"2002";"1h 34min";"";"Andrzej Sekula";"";"Eight strangers awaken with no memory and find themselves in a puzzling cube shaped room where the laws of physics do not always apply.";"tt0285492";"5.6";"";"";"";"";"1";"Movies";"https://images-na.ssl-images-amazon.com/images/M/MV5BNWFmNDJhNTMtNmIzNy00MmI4LThlMDktOTdiM2ExMjI2MWE1XkEyXkFqcGdeQXVyNTIzOTk5ODM@._V1_UY268_CR3,0,182,268_AL_.jpg";"";"";""
"1525412612456";"The Disaster Artist";"";"2017";"1h 44min";"";"James Franco";"";"When Greg Sestero, an aspiring film actor, meets the weird and mysterious Tommy Wiseau in an acting class, they form a unique friendship and travel to Hollywood to make their dreams come true.";"tt3521126";"7.6";"";"";"";"";"1";"Movies";"https://images-na.ssl-images-amazon.com/images/M/MV5BOGNkMzliMGMtMDI5Ni00OTZkLTgyMTYtNzk5ZTY1NjVhYjVmXkEyXkFqcGdeQXVyNTAzMTY4MDA@._V1_UX182_CR0,0,182,268_AL_.jpg";"";"";""
"1525412612460";"Lady Bird";"";"2017";"1h 34min";"";"Greta Gerwig";"";"In 2002, an artistically inclined seventeen-year-old girl comes of age in Sacramento, California.";"tt4925292";"7.6";"";"";"";"";"1";"Movies";"https://images-na.ssl-images-amazon.com/images/M/MV5BODhkZGE0NDQtZDc0Zi00YmQ4LWJiNmUtYTY1OGM1ODRmNGVkXkEyXkFqcGdeQXVyMTMxODk2OTU@._V1_UX182_CR0,0,182,268_AL_.jpg";"";"";""
"1525412612462";"The Man Who Invented Christmas";"";"2017";"1h 44min";"";"Bharat Nalluri";"";"The journey that led to Charles Dickens' creation of ""A Christmas Carol,"" a timeless tale that would redefine Christmas.";"tt6225520";"7.1";"";"";"";"";"1";"Movies";"https://images-na.ssl-images-amazon.com/images/M/MV5BZDRjZWZlNjAtYjM1ZS00ZjAyLWE4MmEtNWVmNzZiNTYzOThjXkEyXkFqcGdeQXVyMTMxODk2OTU@._V1_UX182_CR0,0,182,268_AL_.jpg";"";"";""
"1525412612465";"Rushmore";"";"1998";"1h 33min";"";"Wes Anderson";"";"The extracurricular king of Rushmore preparatory school is put on academic probation.";"tt0128445";"7.7";"";"";"";"";"1";"Movies";"https://images-na.ssl-images-amazon.com/images/M/MV5BMjE2OTc3OTk2M15BMl5BanBnXkFtZTgwMjg2NjIyMDE@._V1_UX182_CR0,0,182,268_AL_.jpg";"";"";""
"1525412612467";"The Scent of Rain & Lightning";"";"2017";"1h 40min";"";"Blake Robbins";"";"Based on the novel THE SCENT OF RAIN & LIGHTNING by Nancy Pickard. When a young woman learns her parents' killer has been released from jail, she is forced to revisit old wounds while ... See full summary »";"tt4746102";"5.1";"";"";"";"";"1";"Movies";"https://images-na.ssl-images-amazon.com/images/M/MV5BMzA0MTExMTEtOWFiNy00OTQxLWI2N2ItMDllYzgyZmZiMjdhXkEyXkFqcGdeQXVyMjM1OTE5ODk@._V1_UX182_CR0,0,182,268_AL_.jpg";"";"";""
"1525412612470";"A Taxi Driver";"Taeksi Woonjunsa";"2017";"2h 17min";"";"Hun Jang";"";"A widowed father and taxi driver takes a German reporter from Seoul to Gwangju to cover the 1980 uprising.";"tt6878038";"7.9";"";"";"";"";"1";"Movies";"https://images-na.ssl-images-amazon.com/images/M/MV5BMTA5ZGE4ZTQtYjVjOS00MTllLTkwZWEtYzQ5NzljMWJkYWE4XkEyXkFqcGdeQXVyMTk0NTY2ODQ@._V1_UX182_CR0,0,182,268_AL_.jpg";"";"";""
"1525412612472";"Downsizing";"";"2017";"2h 15min";"";"Alexander Payne";"";"A social satire in which a man realizes he would have a better life if he were to shrink himself to five inches tall, allowing him to live in wealth and splendor.";"tt1389072";"5.7";"";"";"";"";"1";"Movies";"https://images-na.ssl-images-amazon.com/images/M/MV5BNDYxNDQ5OTYxOV5BMl5BanBnXkFtZTgwOTcyODkxNDM@._V1_UX182_CR0,0,182,268_AL_.jpg";"";"";""
"1525412612475";"I'll Be Seeing You";"";"1944";"1h 25min";"";"William Dieterle, George Cukor";"";"A soldier suffering from combat fatigue meets a young woman on Christmas furlough from prison and their mutual loneliness blossoms into romance.";"tt0036940";"7.3";"";"";"";"";"1";"Movies";"https://images-na.ssl-images-amazon.com/images/M/MV5BOThjYjM2NDctYWE2ZC00YzgxLWI1YmUtODAxYmU1ODBjMTkyXkEyXkFqcGdeQXVyNjc0MzMzNjA@._V1_UX182_CR0,0,182,268_AL_.jpg";"";"";""
"1525412612477";"Below Her Mouth";"";"2016";"1h 34min";"";"April Mullen";"";"An unexpected affair quickly escalates into a heart-stopping reality for two women whose passionate connection changes their lives forever.";"tt5073620";"5.6";"";"";"";"";"1";"Movies";"https://images-na.ssl-images-amazon.com/images/M/MV5BMTk0OWY0OGEtODgzOC00YTBiLWI3NWItYmVjZGJmZThmY2IwXkEyXkFqcGdeQXVyNDE5MTU2MDE@._V1_UY268_CR1,0,182,268_AL_.jpg";"";"";""
"1525412612480";"Good Time";"";"2017";"1h 41min";"";"Benny Safdie, Josh Safdie";"";"After a heist goes awry, a bank robber spends a night trying to free his mentally handicapped brother from being sent to Riker's Island prison.";"tt4846232";"7.3";"";"";"";"";"1";"Movies";"https://images-na.ssl-images-amazon.com/images/M/MV5BNGQ3Y2VjNmUtMDdiMC00YTE1LWI5NmUtZDIzMTJmODQyNDU4XkEyXkFqcGdeQXVyNTAzMTY4MDA@._V1_UX182_CR0,0,182,268_AL_.jpg";"";"";""
"1525412612482";"Justice League";"";"2017";"2h";"";"Zack Snyder";"";"Fueled by his restored faith in humanity and inspired by Superman's selfless act, Bruce Wayne enlists the help of his newfound ally, Diana Prince, to face an even greater enemy.";"tt0974015";"6.8";"";"";"";"";"1";"Movies";"https://images-na.ssl-images-amazon.com/images/M/MV5BYWVhZjZkYTItOGIwYS00NmRkLWJlYjctMWM0ZjFmMDU4ZjEzXkEyXkFqcGdeQXVyMTMxODk2OTU@._V1_UX182_CR0,0,182,268_AL_.jpg";"";"";""
"1525412612485";"Monterey Pop";"";"1968";"1h 18min";"";"D.A. Pennebaker";"";"A film about the greatest pre-Woodstock rock music festival.";"tt0064689";"8.1";"";"";"";"";"1";"Movies";"https://images-na.ssl-images-amazon.com/images/M/MV5BN2E3ZWM3ODEtYmUzNC00MzE1LWE5ZDgtYjg2NDAwODczOWZkXkEyXkFqcGdeQXVyMTQxNzMzNDI@._V1_UY268_CR4,0,182,268_AL_.jpg";"";"";""
"1525412612488";"Fringe";"";"2008";"";"";"";"";"";"";"";"";"";"";"";"1";"TV";"";"";"";""
"1525412612491";"The Tunnel";"";"2013";"";"";"";"";"";"";"";"";"";"";"";"1";"TV";"";"";"";""
"1525412612495";"Banshee";"";"2013";"";"";"";"";"";"";"";"";"";"";"";"1";"TV";"";"";"";""
"1525412612498";"Penny Dreadful";"";"2014";"";"";"";"";"";"";"";"";"";"";"";"1";"TV";"";"";"";""
"1525412612500";"The Looming Tower";"";"2018";"";"";"";"";"";"";"";"";"";"";"";"1";"TV";"";"";"";""
"1525412612503";"Here and Now";"";"2018";"";"";"";"";"";"";"";"";"";"";"";"1";"TV";"";"";"";""
"1525412612506";"Homeland";"";"2011";"";"";"";"";"";"";"";"";"";"";"";"1";"TV";"";"";"";""
"1525412612509";"The Big Bang Theory";"";"2007";"";"";"";"";"";"";"";"";"";"";"";"1";"TV";"";"";"";""
"1525412612511";"Jassica Jones";"";"2015";"";"";"";"";"";"";"";"";"";"";"";"1";"TV";"";"";"";""
"1525412612513";"Collateral";"";"2018";"";"";"";"";"";"";"";"";"";"";"";"1";"TV";"";"";"";""
"1525412612516";"Altered Carbon";"";"2018";"";"";"";"";"";"";"";"";"";"";"";"1";"TV";"";"";"";""
"1525412612518";"The Grand Tour";"";"2016";"";"";"";"";"";"";"";"";"";"";"";"1";"TV";"";"";"";""
